Geracao;Iteracao_1;Iteracao_2;Iteracao_3;Iteracao_4;Iteracao_5;Iteracao_6;Iteracao_7;Iteracao_8;Iteracao_9;Iteracao_10;Iteracao_11;Iteracao_12;Iteracao_13;Iteracao_14;Iteracao_15;Iteracao_16;Iteracao_17;Iteracao_18;Iteracao_19;Iteracao_20;Iteracao_21;Iteracao_22;Iteracao_23;Iteracao_24;Iteracao_25;Iteracao_26;Iteracao_27;Iteracao_28;Iteracao_29;Iteracao_30
0;17067;16917;17322;16857;17267;16862;17162;17037;17502;16467;17057;17147;17207;16807;17007;17497;17262;16682;17082;17462;16702;17662;17322;17332;17377;17712;17207;16512;16812;17387
1;17067;16917;17322;16857;17267;16862;17162;17037;17502;16467;17057;17147;17207;16807;17007;17497;17262;16682;17082;17462;16702;17662;17322;17332;17377;17712;17207;16512;16812;17387
2;17067;16917;17322;16857;17267;16862;17162;17037;17502;16467;17057;17147;17207;16807;17007;17497;17262;16682;17082;17462;16702;17662;17322;17332;17377;17712;17207;16512;16812;17387
3;17067;16917;17322;16857;16952;16862;17162;17037;17502;16467;17057;17147;17207;16807;17007;17497;17262;16682;17082;17462;16702;17662;17322;17332;17377;17712;17207;16512;16812;17387
4;17067;16917;17322;16857;16952;16862;17162;17037;17502;16467;17057;17147;17207;16807;17007;17497;17262;16682;17082;17462;16702;17662;17322;17332;17377;17712;17207;16512;16662;17387
5;17067;16917;17322;16707;16952;16862;17162;17037;17502;16467;17057;17147;17207;16807;17007;17497;17262;16682;17082;17462;16702;17662;17322;17332;17377;17712;17207;16512;16662;17387
6;17067;16917;17322;16707;16952;16862;17162;17037;17502;16467;17057;17147;17207;16807;17007;17497;17262;16682;17082;17462;16702;17662;17322;17332;17377;17712;17207;16512;16662;17387
7;17067;16862;17322;16707;16952;16862;17162;17037;17502;16467;17057;17147;17207;16807;17007;17497;17262;16682;17082;17462;16702;17662;17322;17332;17377;17712;17207;16512;16662;17387
8;17067;16862;17322;16557;16952;16862;17162;17037;17502;16467;17057;17147;17207;16632;16887;17497;17262;16682;17082;17462;16702;17662;17322;17332;17377;17712;17207;16512;16662;17387
9;17067;16862;17322;16557;16952;16862;17162;17037;17502;16467;17057;17147;17207;16632;16737;17497;17262;16682;17082;17462;16702;17662;17022;17332;17377;17712;17207;16512;16662;17387
10;17067;16862;17322;16557;16642;16862;17162;17037;17502;16167;17057;17147;17207;16632;16737;17497;17262;16682;17082;17462;16702;17662;17022;17182;17377;17712;16877;16512;16512;17387
11;17042;16862;17227;16407;16372;16862;17162;17037;17502;16167;17057;17147;17057;16357;16737;17347;17262;16682;17082;17462;16702;17662;17022;17182;17227;17712;16877;16512;16497;17387
12;17042;16397;17227;16407;16172;16862;17162;17037;17462;15867;17057;17147;17057;16357;16587;17347;17262;16682;17082;17367;16552;17382;17022;17182;17227;17712;16727;16512;16497;17305
13;16791;16397;17157;16283;16172;16672;17162;16737;17462;15867;17057;17122;17057;16357;16587;17347;17262;16682;17082;16862;16552;17382;17007;17182;17227;17712;16727;16362;16497;17145
14;16621;16397;17157;16257;16172;16672;17162;16737;17352;15757;17057;17037;16932;16317;16422;17167;17262;16682;17082;16862;16552;17382;17007;17182;16822;17712;16727;16362;16497;17145
15;16621;16257;17077;16257;16172;16522;17162;16722;17187;15757;16907;17037;16762;16042;16422;17167;17097;16682;16437;16862;16552;17382;17007;17182;16822;17072;16577;16362;16497;17145
16;16621;16257;16902;16117;16172;16522;16997;16722;17187;15757;16892;16887;16757;16042;16422;17167;17097;16517;16437;16862;16552;17100;16722;17022;16797;17072;16577;16212;16497;16787
17;16621;16257;16902;16117;16172;16522;16862;16722;17187;15252;16892;16887;16757;16042;16422;17032;16982;16517;16422;16862;16402;17100;16707;16872;16462;17072;16577;16212;16197;16787
18;16601;16257;16715;16117;16172;16497;16607;16697;17022;15252;16892;16887;16707;15867;16422;17032;16982;16517;16422;16862;16237;17100;16707;16872;16462;17072;16577;16072;16197;16787
19;16451;15932;16715;16117;16172;16412;16607;16697;17022;15102;16892;16887;16542;15867;16422;17032;16982;16517;16422;16862;15937;17100;16557;16872;16462;17072;16577;16072;16197;16787
20;16451;15687;16100;16112;16022;16232;16607;16432;17022;15102;16577;16887;16542;15867;16242;17032;16967;16517;16287;16712;15937;17100;16542;16872;16462;17072;16577;16057;16182;16787
21;16436;15687;16100;15957;15692;16102;16607;16432;17022;15102;16577;16887;16542;15867;16154;17032;16672;16517;15987;16712;15937;16792;16277;16872;16312;16917;16577;15907;16182;16787
22;16436;15362;16100;15957;15692;15932;16607;16432;17022;14952;16427;16887;16457;15852;16092;17032;16672;16367;15987;16562;15937;16792;16277;16872;16162;16917;16127;15607;15907;16787
23;16436;15362;16100;15957;15692;15932;16607;16132;16737;14937;16427;16287;16197;15852;16092;17032;16657;16367;15987;16562;15937;16792;16277;16722;16162;16917;16127;15607;15907;16647
24;16161;15362;16100;15957;15692;15932;16607;16132;16737;14937;16427;16287;16197;15852;15982;17032;16657;16222;15972;16562;15937;16792;16277;16722;16162;16917;16127;15607;15907;16647
25;16157;15212;16100;15957;15692;15787;16607;16132;16737;14927;16427;16287;16007;15852;15612;17032;16657;16197;15357;16562;15787;16492;16262;16722;16162;16917;16127;15607;15905;16647
26;16157;15212;15965;15957;15692;15787;16607;16132;16737;14927;16427;16287;16007;15692;15612;17032;16657;16077;15357;16262;15480;16437;16087;16722;16012;16917;16127;15607;15905;16527
27;15719;15212;15965;15957;15542;15787;16577;16132;16737;14787;16277;16287;16007;15692;15612;16882;16217;16077;15357;16262;15480;16392;16087;16722;16012;16452;16127;15607;15905;16527
28;15719;15212;15965;15762;15382;15787;16457;16097;16582;14787;16277;16003;16007;15692;15600;16882;16217;16077;15357;16247;15480;16392;15647;16722;16012;16452;15977;15307;15905;16384
29;15719;15133;15965;15762;15382;15787;16032;16097;16322;14652;16277;16003;16007;15692;15600;16882;16067;15927;15357;16232;15480;16177;15647;16722;16012;16452;15977;15307;15905;16384
30;15719;15032;15965;15762;15312;15787;16032;16097;16147;14652;15827;16003;15627;15692;15512;16882;16067;15927;15357;16232;15480;16177;15497;16722;16012;16452;15977;15307;15905;16384
31;15719;15032;15900;15465;15312;15787;16032;16047;15992;14622;15677;15987;15582;15542;15325;16738;15902;15927;15357;16082;15185;16077;15497;16722;15732;16452;15977;15307;15902;16269
32;15579;15032;15900;15465;15312;15787;16032;15917;15992;14622;15527;15987;15582;15542;15325;16527;15902;15767;15357;15632;15185;16067;15497;16557;15697;16452;15839;15307;15775;16269
33;15569;14968;15680;15465;15162;15787;16022;15897;15992;14622;15527;15688;15582;15542;15197;16257;15902;15767;15357;15632;15185;16067;15497;16557;15697;16452;15824;15272;15775;16234
34;15565;14867;15350;15360;15162;15787;16022;15897;15992;14067;15527;15553;15465;15542;15190;16257;15622;15767;15212;15482;15185;16052;15497;16557;15697;16310;15674;15157;15775;16234
35;15429;14867;15350;15355;14997;15637;15992;15897;15992;14067;15527;15553;15465;15542;15190;16257;15607;15727;15192;15482;15185;15897;15497;16557;15572;16302;15674;15027;15605;16234
36;15404;14867;15350;15350;14962;15637;15722;15897;15992;14067;15527;15553;15465;15542;15169;16257;15607;15727;14907;15332;15185;15897;15347;16257;15547;16137;15662;15027;15605;16234
37;15114;14867;15350;15350;14962;15637;15722;15897;15992;13917;15527;15553;15465;15542;15162;16257;15607;15472;14907;15332;15035;15802;15332;16257;15547;16137;15532;15027;15605;16234
38;15114;14557;15350;15055;14947;15637;15707;15557;15987;13787;15227;15357;15465;15542;15050;16257;15607;15472;14907;15332;15035;15765;15332;16257;15547;16137;15532;15027;15605;16219
39;14960;14353;15335;15055;14947;15637;15707;15557;15987;13637;15227;15357;15180;15542;14765;15947;15607;15472;14757;15317;15035;15747;15332;16257;15547;16010;15367;15027;15605;16219
40;14800;14353;15335;15055;14947;15487;15707;15557;15672;13487;15227;15222;15180;15242;14765;15947;15607;15472;14757;15317;14885;15747;15182;16257;15397;15987;15367;15027;15553;16179
41;14800;14353;15335;15055;14682;15487;15707;15557;15672;13487;15227;15072;15180;15242;14765;15947;15607;15277;14757;14992;14735;15747;15182;16257;15397;15987;15367;15027;15553;15929
42;14650;14353;15335;15055;14682;15487;15512;15557;15672;13337;15227;15072;15180;15242;14765;15942;15607;15277;14757;14992;14735;15747;15182;16257;15397;15972;15367;14877;15553;15929
43;14594;14353;15335;15055;14682;15487;15512;15262;15672;13337;15227;15072;15172;15092;14765;15924;15502;15277;14757;14992;14585;15747;15182;16257;15267;15715;15367;14877;15528;15929
44;14594;14353;15335;15055;14547;15487;15512;15262;15507;13337;15092;15072;15172;15092;14765;15924;15367;15127;14757;14827;14585;15747;15022;16107;15267;15560;15225;14577;15508;15929
45;14594;14353;15335;14900;14397;15487;15512;15262;15372;13022;14928;14930;15172;15092;14765;15924;15157;15127;14757;14827;14585;15747;15022;16107;15267;15560;15225;14577;15358;15649
46;14499;14353;15335;14900;14232;15487;15512;15262;15372;13022;14912;14930;15172;15092;14600;15762;15157;15042;14607;14827;14585;15732;15017;16107;15097;15395;15225;14577;15283;15649
47;14190;14353;15335;14900;14232;15487;15512;15257;15347;13022;14623;14790;15007;15092;14600;15762;15157;14872;14450;14417;14585;15462;14852;16107;14995;15099;15225;14417;15283;15649
48;14190;14353;15335;14900;14232;15487;15512;15257;15347;13022;14602;14790;15007;15092;14600;15684;15157;14872;14450;14417;14585;15462;14667;16107;14947;15099;15225;14417;15283;15499
49;14190;14353;15020;14755;14232;15487;14897;15257;15347;13022;14597;14790;15007;14948;14450;15684;15157;14872;14450;14417;14585;15462;14667;16107;14837;15099;15225;14407;15283;15499
50;13885;14193;15020;14755;14232;15487;14897;15257;15347;13022;14452;14790;15007;14948;14450;15630;15137;14872;14450;14417;14585;15462;14565;16107;14702;15099;15225;14407;14740;15499
51;13885;14061;15020;14755;14232;15487;14897;15257;15162;12872;14452;14655;15007;14948;14450;15630;15137;14872;14450;14417;14585;15447;14545;15942;14702;15099;15225;14407;14740;15349
52;13885;14061;15020;14755;14232;15487;14897;14947;15162;12872;14447;14640;15007;14948;14435;15342;15137;14872;14285;14417;14585;15447;14517;15654;14702;15099;15225;14382;14740;15349
53;13720;13911;15020;14605;14232;15192;14897;14947;14757;12872;14447;14487;15007;14798;14435;15342;15137;14872;14285;14417;14585;15447;14517;15654;14410;15099;15210;14382;14740;15184
54;13720;13898;15005;14605;14232;15192;14897;14797;14522;12717;14447;14487;15007;14798;14435;15342;15137;14872;14285;14262;14585;15447;14517;15654;14387;15099;15075;14257;14740;15034
55;13720;13898;15005;14605;14232;14912;14897;14797;14522;12717;14447;14330;15007;14798;14435;15330;14887;14872;14285;14262;14435;15297;14517;15654;14252;14979;15065;14125;14655;15034
56;13570;13898;14870;14605;13962;14762;14312;14797;14522;12717;14447;14330;14707;14798;14435;15330;14887;14872;14285;14252;14435;15297;14217;15654;14067;14979;15065;14125;14590;15034
57;13570;13766;14705;14605;13962;14762;14312;14797;14522;12717;14447;14157;14707;14798;14300;15330;14887;14872;14285;14252;14435;15297;14217;15654;14067;14874;15065;14125;14590;14994
58;13570;13766;14705;14605;13932;14612;14312;14797;14332;12717;14447;14157;14707;14798;14300;15330;14887;14847;14285;13962;14435;15297;14217;15654;14067;14874;15065;14125;14590;14884
59;13570;13766;14705;14605;13932;14612;14312;14647;14332;12717;14447;14157;14707;14498;14297;15315;14842;14723;14285;13962;14435;15297;14217;15654;14067;14694;15065;13960;14590;14819
60;13420;13766;14705;14475;13932;14592;14282;14647;14332;12717;14447;14157;14547;14498;14297;15165;14842;14722;13985;13962;14413;15297;14052;15654;14067;14694;15052;13960;14590;14694
61;13270;13766;14705;14460;13932;14302;14282;14647;14332;12717;14447;14157;14547;14498;14192;15165;14842;14722;13985;13962;14285;15297;14052;15504;14067;14694;14788;13960;14590;14694
62;13270;13766;14705;14460;13932;14302;14282;14647;14332;12717;14297;14157;14397;14498;14017;15030;14827;14722;13985;13962;13988;15297;14052;15504;14067;14694;14788;13960;14590;14694
63;13105;13766;14705;14460;13782;14302;14282;14512;14332;12632;14282;14087;14397;14483;14017;15030;14654;14722;13985;13962;13988;15297;14052;15504;14067;14624;14788;13927;14590;14694
64;13105;13766;14705;14310;13782;14302;14282;14512;14182;12557;14282;14087;14397;14393;13867;14865;14652;14722;13893;13962;13988;15297;14052;15054;14067;14544;14788;13795;14590;14694
65;13105;13766;14705;14310;13632;14302;14282;14512;14182;12557;14282;14087;14397;14223;13867;14865;14652;14577;13893;13840;13970;15297;13917;15054;14067;14544;14788;13792;14590;14424
66;13105;13766;14555;14310;13632;14302;14282;14337;14182;12557;14282;14087;14397;14159;13867;14730;14652;14552;13893;13812;13833;15297;13902;15054;14067;14349;14788;13777;14380;14294
67;12955;13616;14555;14140;13510;14302;14172;14255;14182;12557;14282;14087;14397;14159;13867;14730;14652;14412;13893;13812;13833;14862;13902;15054;14067;14349;14788;13777;14380;14294
68;12955;13616;14555;14140;13380;14289;14172;14255;14182;12557;14162;14007;14397;14159;13867;14715;14632;14282;13893;13802;13833;14862;13902;14904;14067;14349;14788;13777;14380;14294
69;12955;13466;14555;14005;13225;14164;14022;14237;13902;12557;14162;13992;14397;14158;13737;14715;14627;14282;13893;13802;13833;14862;13902;14904;14067;14349;14788;13777;14380;14294
70;12655;13466;14555;14005;13197;14154;14022;14237;13902;12557;14132;13794;14397;13833;13737;14705;14502;14267;13893;13672;13833;14862;13902;14754;13917;14349;14638;13777;14050;14294
71;12655;13466;14555;14005;13197;14154;13872;14110;13902;12557;14132;13794;14397;13833;13707;14555;14492;14267;13893;13672;13823;14862;13902;14754;13917;14349;14638;13687;14050;14294
72;12495;13466;14405;14005;13197;13852;13872;13995;13852;12557;14132;13794;14397;13833;13707;14555;14492;14267;13893;13652;13688;14862;13782;14754;13917;14349;14638;13687;13895;14289
73;12340;13466;14405;14005;13197;13852;13872;13960;13832;12557;14062;13794;14232;13833;13702;14555;14492;14267;13888;13652;13688;14862;13782;14754;13917;14244;14488;13687;13760;14289
74;12340;13466;14285;13695;13047;13852;13872;13930;13727;12557;13982;13674;14097;13833;13562;14255;14492;14267;13743;13502;13688;14712;13782;14604;13917;14244;14488;13642;13760;14289
75;12210;13466;14285;13695;12897;13702;13872;13925;13727;12557;13842;13429;14097;13833;13562;14255;14492;14262;13718;13502;13678;14687;13737;14589;13917;14049;14488;13507;13760;14289
76;12210;13466;14105;13695;12882;13702;13872;13925;13577;12557;13842;13429;14097;13478;13562;14255;14492;14112;13593;13502;13678;14637;13737;14454;13917;13944;14488;13507;13735;14289
77;12175;13316;14105;13695;12882;13702;13872;13885;13577;12557;13842;13389;14097;13478;13387;14255;14492;14112;13443;13502;13678;14637;13722;14454;13782;13944;14488;13357;13610;14289
78;12175;13316;13820;13695;12882;13702;13872;13775;13577;12557;13842;13389;14082;13478;13387;14255;14492;14112;13443;13487;13523;14637;13722;14454;13782;13944;14488;13357;13610;14194
79;12175;13316;13820;13695;12757;13584;13872;13495;13577;12425;13842;13389;13932;13178;13387;14255;14492;14007;13293;13337;13388;14637;13605;14454;13782;13944;14488;13357;13610;14194
80;12175;13186;13810;13695;12737;13584;13872;13495;13577;12410;13842;13389;13932;13178;13387;14255;14492;14007;13293;13337;13228;14547;13567;14454;13772;13944;14488;13357;13610;14194
81;12105;13096;13652;13613;12737;13584;13872;13440;13577;12265;13552;13389;13932;13148;13377;14255;14362;14007;13278;13187;13228;14547;13567;14454;13622;13644;14338;13357;13610;14059
82;12060;13016;13505;13545;12737;13584;13610;13440;13427;12265;13552;13359;13932;13123;13377;14255;14357;14007;13278;13187;13228;14547;13437;14289;13622;13644;14338;13357;13610;13974
83;12035;13016;13502;13545;12737;13500;13610;13290;13427;12265;13552;12909;13932;13028;13377;14255;14357;14007;13003;13187;13228;14547;13437;14289;13622;13615;14338;13357;13610;13659
84;12035;12896;13502;13545;12582;13500;13610;13265;13427;12265;13552;12909;13932;12983;13377;13665;14357;14007;12978;13187;13228;14452;13437;14169;13622;13615;14338;13357;13460;13659
85;12035;12896;13502;13380;12582;13500;13572;13265;13277;12130;13552;12909;13782;12833;13377;13665;14357;14007;12978;13172;13228;14452;13272;14169;13617;13615;14338;13357;13460;13659
86;12035;12896;13502;13380;12552;13350;13572;13265;13277;12115;13552;12759;13782;12833;13377;13665;14207;13942;12813;13037;13228;14452;13272;14169;13617;13615;14338;13357;13460;13514
87;12035;12866;13502;13253;12552;13350;13572;13265;13277;12115;13552;12759;13632;12833;13377;13665;14207;13942;12813;13037;13123;14452;13272;14169;13467;13615;14188;13215;13460;13064
88;12035;12731;13502;13253;12456;13350;13572;13133;13122;12115;13542;12759;13632;12833;13377;13665;14207;13365;12813;12887;13123;14452;13272;14169;13332;13615;14188;13215;13460;13064
89;12035;12731;13502;13253;12427;13320;13572;13133;13122;12115;13542;12759;13632;12833;13360;13665;14207;13365;12663;12887;12978;14212;12932;14169;13182;13615;14188;13215;13430;13064
90;12035;12731;13352;13253;12427;13320;13457;13133;13122;11890;13542;12759;13632;12833;13357;13665;14207;13365;12663;12887;12953;14202;12932;14169;13182;13615;14188;13215;13295;13064
91;12035;12581;13352;13223;12427;13320;13457;13133;13122;11890;13348;12359;13632;12833;13232;13665;14207;13365;12663;12887;12953;14202;12932;14169;13182;13615;14188;13080;13295;12892
92;12035;12551;13352;13223;12417;13320;13457;13115;13122;11865;13168;12359;13632;12683;13192;13650;14207;13347;12663;12887;12953;14037;12932;14169;13177;13615;14188;13080;13295;12892
93;11875;12251;13352;13223;12417;13320;13457;13010;13122;11865;12948;12359;13397;12533;13162;13650;14187;13347;12378;12887;12953;14037;12932;14169;13177;13615;14188;13071;13280;12727
94;11725;12251;13352;13223;12417;13320;13437;13010;13122;11865;12675;12359;13397;12533;13122;13365;13922;13347;12378;12887;12869;14037;12932;14139;13017;13483;14038;13071;13225;12727
95;11725;12251;13352;13115;12315;13320;13437;12965;13122;11720;12675;12359;13397;12533;13122;13365;13922;13347;12378;12887;12869;14037;12932;13719;13017;13364;14038;12936;13225;12727
96;11725;12251;13052;13115;12267;13185;13287;12965;13122;11720;12675;12359;13397;12533;13062;13365;13922;13347;12363;12887;12495;14037;12932;13719;13017;13364;14038;12911;13225;12727
97;11725;12251;13052;13115;12267;13185;13287;12815;13122;11640;12668;12359;13397;12533;13062;13115;13922;13347;12363;12887;12495;14037;12932;13719;12867;13364;14038;12911;13225;12727
98;11725;12251;13052;13115;12267;13185;13287;12655;12998;11640;12520;12234;13232;12533;13062;13115;13922;13047;12363;12887;12495;13889;12932;13569;12852;13349;13903;12911;13225;12452
99;11725;12251;13047;13115;12267;13185;13122;12655;12972;11640;12520;12234;13097;12533;13062;13115;13922;13047;12363;12887;12365;13889;12932;13419;12852;13349;13903;12630;13225;12159
100;11700;12251;13047;13115;12267;13185;13022;12655;12972;11605;12520;12234;12942;12533;13062;13115;13742;13047;12363;12887;12345;13889;12932;13419;12852;13209;13753;12630;13225;12159
101;11575;12251;13047;13115;12267;13185;13022;12655;12972;11595;12520;12234;12942;12533;13062;12965;13742;13047;12353;12887;12345;13889;12932;13419;12852;13209;13753;12480;13225;12159
102;11470;12251;12767;13108;12267;13185;13022;12655;12972;11575;12520;12084;12942;12533;13062;12965;13742;13047;12353;12887;12345;13889;12782;13269;12852;13199;13753;12480;12995;12137
103;11470;12101;12602;13108;12177;13175;13022;12655;12972;11575;12502;12084;12942;12533;13062;12815;13742;13047;12353;12737;12345;13887;12782;13269;12852;13199;13753;12480;12995;12024
104;11470;12101;12602;12835;12177;13175;13022;12655;12972;11445;12502;12084;12942;12533;13062;12815;13742;13047;12353;12737;12330;13887;12782;13269;12852;13199;13693;12480;12995;11992
105;11470;12101;12602;12835;12117;13175;13022;12655;12972;11345;12352;12084;12942;12533;13042;12815;13742;13047;12353;12737;12330;13724;12723;13269;12852;13199;13621;12330;12995;11992
106;11470;12101;12602;12785;12117;13175;13022;12655;12972;11295;12207;12084;12927;12508;12897;12815;13742;13047;12353;12737;12310;13724;12723;13269;12662;13154;13621;12330;12995;11992
107;11470;12101;12602;12547;12117;13175;13022;12655;12972;11295;12207;12084;12927;12253;12897;12815;13742;12867;12353;12737;12180;13434;12723;13269;12662;13069;13499;12330;12980;11992
108;11470;12101;12602;12547;12117;13175;13022;12655;12972;11145;12207;12084;12927;12253;12897;12815;13742;12867;12353;12712;12180;13434;12573;13269;12662;13024;13499;12330;12980;11842
109;11338;12101;12602;12547;12112;12870;12877;12515;12972;11145;12207;12084;12927;12253;12897;12749;13742;12867;12353;12587;12180;13434;12573;13269;12662;13024;13499;12330;12548;11694
110;11338;12101;12602;12475;11962;12870;12877;12515;12972;11145;12107;12084;12712;12088;12897;12665;13742;12867;12353;12572;12180;13434;12573;13269;12662;12844;13499;12330;12468;11547
111;11338;12101;12437;12475;11962;12870;12877;12505;12972;11145;12024;12084;12707;12088;12897;12665;13714;12867;12353;12572;11865;13432;12573;13269;12512;12844;13494;12330;12468;11547
112;11338;12101;12307;12475;11962;12870;12617;12505;12972;11145;12024;11934;12462;12088;12897;12665;13714;12867;12353;12397;11865;13294;12573;13269;12252;12539;13494;12200;12468;11547
113;11332;11951;12307;12455;11962;12870;12617;12505;12972;11145;12024;11934;12462;12088;12897;12615;13714;12867;12353;12317;11865;13284;12573;13269;12252;12539;13494;12185;12468;11542
114;11332;11951;12307;12455;11567;12720;12617;12420;12972;11145;12024;11784;12462;12088;12897;12615;13714;12867;12353;12287;11715;13284;12573;13269;12252;12539;13494;12185;12468;11382
115;11332;11951;12305;12455;11567;12720;12422;12420;12972;11145;12024;11784;12462;12088;12897;12615;13604;12867;12353;12257;11715;13124;12573;13269;12252;12539;13486;12185;12468;11382
116;11332;11951;12157;12455;11567;12570;12422;12190;12822;11145;12024;11779;12462;12078;12897;12517;13604;12750;12353;12167;11565;13124;12573;13269;12252;12389;13486;12180;12450;11382
117;11038;11951;12142;12455;11417;12570;12422;12190;12822;11010;11902;11779;12462;12078;12897;12517;13574;12717;12353;12007;11415;13124;12573;13269;12252;12389;13449;12180;12450;11382
118;11038;11801;12142;12455;11417;12570;12422;12190;12672;11010;11902;11779;12462;12078;12897;12465;13439;12717;12353;12007;11415;13124;12573;13234;12227;12389;13449;12035;12450;11382
119;11038;11801;12142;12455;11417;12570;12422;12120;12672;10905;11902;11654;12462;12078;12897;12465;13439;12592;12353;12007;11415;13124;12573;13234;12227;12389;13289;12035;12450;11382
120;11038;11651;12142;12305;11417;12570;12422;12040;12672;10905;11902;11654;12462;11973;12897;12177;13424;12592;12353;12007;11415;13124;12423;12959;12227;12389;13289;12035;12300;11367
121;11038;11651;12142;12305;11417;12555;12422;12040;12672;10905;11902;11654;12462;11823;12897;12177;13274;12592;12219;12007;11287;13124;12423;12959;12102;12389;12754;12035;12230;11262
122;11038;11651;12142;12305;11417;12555;12422;12040;12672;10905;11900;11654;12462;11823;12897;12177;13274;12442;12053;12007;11265;13122;12318;12959;12102;12389;12754;12035;12230;11262
123;11038;11651;12142;12305;11417;12555;12362;11904;12672;10875;11900;11654;12462;11823;12887;12177;13074;12422;12053;11857;11265;13122;12318;12959;11927;12389;12754;12035;12230;11217
124;11038;11651;12142;12305;11417;12555;12362;11904;12522;10875;11900;11504;12462;11823;12887;12177;13074;12422;12053;11707;11265;13122;12133;12809;11802;12389;12754;11905;12150;11217
125;11030;11651;11997;12305;11392;12555;12362;11740;12522;10875;11717;11504;12318;11673;12887;12177;13074;11972;12053;11687;11265;13122;12133;12809;11802;12389;12754;11905;12150;11217
126;11030;11651;11997;12305;11367;12555;12362;11740;12522;10860;11717;11504;12167;11578;12732;12167;12874;11972;12053;11687;11265;12824;12133;12809;11802;12389;12749;11885;12000;11212
127;11030;11651;11992;12305;11242;12555;12362;11740;12522;10860;11717;11504;12167;11578;12732;12167;12874;11972;12053;11687;11115;12824;12133;12809;11668;12389;12749;11885;12000;11212
128;10880;11651;11992;12305;11242;12555;12362;11740;12522;10860;11717;11504;12007;11388;12732;12167;12874;11972;12053;11540;11115;12822;12133;12809;11652;12389;12749;11885;12000;11212
129;10880;11651;11707;12305;11117;12555;12323;11740;12522;10860;11717;11404;12007;11388;12587;12167;12874;11972;12053;11540;11115;12822;12123;12809;11522;12239;12594;11885;12000;11212
130;10880;11651;11707;12155;11092;12555;12323;11740;12410;10860;11717;11404;12007;11388;12587;12167;12869;11972;11903;11382;11115;12822;12123;12809;11518;12239;12594;11555;11850;11212
131;10880;11651;11542;12155;11092;12555;12323;11740;12372;10710;11715;11404;12007;11388;12577;12012;12869;11972;11903;11217;11115;12822;12123;12809;11352;12239;12594;11555;11850;11212
132;10880;11651;11392;12155;11092;12555;12317;11740;12105;10710;11567;11374;12007;11388;12552;12012;12854;11972;11769;11217;11115;12822;11978;12809;11352;12239;12594;11555;11825;11212
133;10880;11651;11392;12155;11092;12555;12317;11740;12105;10710;11567;11374;11842;11388;12552;12012;12854;11972;11769;11217;11115;12822;11978;12809;11352;12239;12479;11555;11825;11212
134;10880;11651;11392;12155;11092;12555;12317;11610;11970;10710;11567;11374;11842;11388;12552;12012;12854;11972;11769;11217;11095;12682;11848;12809;11352;12239;12479;11555;11550;11212
135;10880;11651;11392;12155;11092;12555;12167;11610;11970;10710;11567;11374;11842;11388;12552;12012;12554;11642;11769;11217;11095;12682;11848;12809;11352;12239;12479;11555;11550;11057
136;10862;11651;11392;12130;11092;12555;12167;11610;11830;10710;11567;11224;11697;11388;12552;12002;12554;11642;11769;11217;11095;12682;11698;12659;11352;12239;12479;11555;11550;11057
137;10862;11651;11392;12010;11092;12405;11867;11505;11830;10430;11567;11224;11692;11238;12127;11862;12554;11642;11769;11217;11095;12682;11698;12659;11352;12239;12434;11555;11400;11057
138;10862;11651;11392;11855;11092;12405;11717;11505;11830;10430;11567;11224;11692;11238;12127;11862;12554;11642;11619;11217;11095;12672;11698;12659;11352;12239;12434;11555;11385;11057
139;10730;11651;11377;11855;11092;12405;11717;11160;11830;10430;11567;11204;11607;11238;12127;11862;12554;11642;11619;11217;11095;12672;11698;12659;11352;12094;12434;11555;10920;10892
140;10712;11651;11377;11855;11092;12405;11717;11160;11830;10430;11567;11204;11562;11238;12127;11837;12554;11642;11619;11217;11095;12672;11698;12509;11352;12094;12434;11555;10920;10892
141;10712;11651;11377;11855;11092;12405;11717;11160;11830;10430;11567;11204;11562;11238;12127;11837;12554;11642;11469;11075;10953;12672;11698;12509;11352;12094;12434;11555;10920;10892
142;10562;11651;11377;11855;11092;12405;11717;11160;11830;10430;11567;11054;11562;11238;12127;11837;12554;11492;11469;11075;10945;12522;11698;12509;11352;12094;12434;11420;10920;10892
143;10562;11651;11377;11855;11092;12405;11717;11160;11830;10430;11567;11054;11562;11238;12127;11837;12554;11492;11469;11075;10945;12522;11698;12509;11352;12094;12299;11420;10920;10892
144;10562;11651;11377;11840;11092;12405;11717;11160;11830;10400;11417;11054;11452;11238;12127;11712;12554;11492;11469;10932;10945;12522;11698;12509;11202;12094;12299;11420;10920;10892
145;10562;11651;11257;11840;11092;12105;11558;11160;11830;10400;11417;11054;11452;11238;12127;11712;12554;11492;11469;10932;10945;12522;11698;12509;11202;12094;12299;11420;10920;10892
146;10562;11651;11257;11555;11092;12105;11552;11160;11830;10400;11417;11054;11412;11083;12127;11712;12554;11492;11469;10932;10795;12522;11698;12359;11202;12094;12164;11420;10920;10892
147;10562;11651;11257;11555;11092;12105;11552;11160;11830;10315;11417;11054;11407;11083;12127;11712;12434;11492;11469;10932;10795;12522;11698;12359;11072;12094;12164;11420;10920;10892
148;10562;11651;11248;11555;11092;12105;11552;11160;11830;10315;11392;11054;11407;11083;12127;11712;12434;11492;11469;10932;10795;12522;11698;12359;11072;12094;12164;11420;10920;10892
149;10424;11651;11248;11555;11092;12105;11552;11160;11830;10235;11392;11054;11397;11083;11977;11537;12434;11492;11469;10932;10795;12522;11698;12209;11072;12084;11994;11405;10920;10892
150;10424;11651;11248;11435;10977;12105;11552;11160;11830;10180;11392;11054;11397;11083;11977;11537;12434;11492;11469;10932;10795;12522;11698;12209;11072;12079;11994;11270;10920;10892
151;10424;11651;11248;11255;10977;12105;11552;11160;11830;10180;11392;11054;11257;11083;11977;11412;12434;11342;11329;10932;10795;12392;11698;12209;10922;12079;11994;11270;10920;10892
152;10424;11651;11248;11255;10977;12105;11552;11030;11830;10180;11392;10974;11257;11083;11892;11412;12434;11192;11329;10930;10655;12392;11698;12067;10922;12079;11994;11270;10920;10892
153;10424;11651;11248;11105;10802;12105;11552;10880;11830;9725;11392;10974;11107;11083;11827;11262;12434;11192;11319;10930;10655;12372;11698;12067;10902;12079;11854;11270;10920;10892
154;10397;11501;11248;11105;10802;12105;11552;10880;11830;9725;11392;10974;11107;11083;11802;11262;12434;11192;11319;10867;10635;12372;11698;12067;10902;12079;11854;11270;10790;10744
155;10274;11501;11248;11105;10802;11958;11552;10880;11830;9725;11392;10974;11107;11083;11677;11262;12434;11192;11319;10867;10380;12372;11673;12004;10902;12079;11854;11270;10790;10744
156;10274;11501;11248;11105;10802;11958;11552;10880;11830;9725;11387;10974;11107;11083;11527;11262;12434;11192;11079;10867;10380;12372;11548;12004;10902;12079;11854;11120;10790;10744
157;10274;11501;11248;11105;10782;11958;11552;10880;11830;9725;11387;10974;11092;11083;11527;11262;12284;11192;11079;10867;10380;12372;11548;12004;10902;12079;11709;11120;10790;10744
158;10262;11501;11248;10995;10607;11958;11382;10757;11830;9725;11387;10974;11092;11083;11527;11262;12284;11192;11079;10867;10380;12257;11548;12004;10902;12079;11709;11120;10780;10744
159;10262;11371;11248;10995;10607;11808;11382;10730;11830;9725;11377;10974;11092;11083;11447;11262;12284;11192;11079;10867;10380;12257;11518;11959;10902;12079;11709;11120;10780;10744
160;10262;11371;11083;10995;10607;11808;11382;10730;11830;9725;11377;10974;11092;10933;11447;11262;12284;11192;11074;10867;10380;12257;11456;11955;10902;12009;11709;11120;10645;10680
161;10247;11371;11083;10995;10607;11808;11382;10730;11680;9725;11377;10974;11092;10933;11447;11262;12284;11192;11074;10712;10380;12257;11456;11845;10902;11859;11709;11120;10620;10618
162;10247;11371;11083;10995;10607;11808;11382;10730;11680;9725;11377;10824;11092;10933;11442;11262;12284;11192;11074;10712;10380;12107;11456;11845;10737;11859;11709;11120;10620;10612
163;10247;11371;11083;10995;10607;11808;11222;10730;11680;9725;11377;10824;11092;10933;11442;11262;12284;11192;11024;10712;10380;12107;11383;11789;10737;11859;11709;11120;10538;10612
164;10222;11371;11083;10995;10607;11808;11082;10730;11680;9725;11377;10824;10942;10933;11442;11262;12134;11192;11009;10712;10380;12107;11383;11789;10737;11859;11709;10970;10170;10612
165;10222;11371;11083;10995;10607;11703;11082;10730;11680;9725;11377;10674;10917;10933;11442;11262;12134;11093;10914;10712;10375;12107;11233;11789;10737;11851;11709;10970;10170;10448
166;10222;11371;10933;10975;10607;11703;11082;10730;11680;9725;11377;10674;10917;10933;11442;11262;12134;11093;10914;10712;10375;12102;11233;11670;10737;11851;11559;10970;10170;10448
167;10222;11371;10933;10975;10607;11703;11082;10610;11680;9725;11227;10674;10917;10933;11442;11262;12134;11057;10914;10712;10375;12102;11233;11652;10717;11851;11559;10970;10073;10448
168;10222;11221;10933;10975;10457;11703;11082;10558;11680;9725;11227;10674;10817;10933;11442;11262;12134;10757;10914;10712;10375;11952;11233;11652;10717;11744;11544;10970;10073;10448
169;10222;11221;10933;10975;10457;11703;11082;10558;11680;9725;11227;10539;10817;10933;11442;11262;12014;10757;10914;10712;10375;11952;11233;11652;10717;11744;11544;10970;10068;10448
170;10222;11221;10933;10935;10307;11703;11082;10558;11680;9725;11227;10529;10817;10933;11007;11262;11984;10757;10914;10712;10375;11937;11053;11652;10717;11622;11544;10970;9931;10448
171;10222;11211;10933;10935;10307;11703;11082;10558;11650;9623;11227;10389;10737;10783;11007;11262;11984;10757;10914;10712;10375;11937;11053;11652;10717;11551;11544;10970;9931;10316
172;10162;11211;10933;10935;10307;11703;11082;10558;11650;9623;11227;10389;10737;10783;11007;11262;11984;10757;10869;10712;10375;11937;11053;11512;10717;11551;11544;10820;9931;10316
173;9975;11211;10933;10785;10307;11700;11082;10320;11650;9623;11227;10389;10677;10783;11007;11262;11984;10757;10869;10707;10375;11937;11053;11512;10717;11551;11544;10820;9931;10316
174;9975;11211;10933;10785;10307;11550;11082;10320;11650;9623;11227;10389;10667;10678;11007;11262;11984;10757;10869;10707;10375;11937;11053;11507;10717;11551;11544;10820;9931;10316
175;9975;11211;10933;10785;10307;11550;11082;10320;11650;9623;11227;10389;10667;10618;11007;11262;11834;10757;10869;10707;10375;11937;10903;11507;10717;11551;11544;10670;9913;10316
176;9975;11211;10783;10785;10307;11550;11082;10320;11650;9575;11227;10379;10667;10618;11007;11262;11834;10757;10761;10707;10375;11937;10903;11507;10717;11551;11544;10670;9913;10316
177;9975;11211;10783;10640;10307;11385;11082;10320;11650;9575;11077;10379;10667;10618;11007;11262;11834;10757;10761;10707;10355;11937;10903;11507;10637;11551;11544;10670;9773;10308
178;9975;11063;10783;10640;10307;11385;11082;10320;11650;9575;11077;10379;10667;10528;11007;11260;11809;10607;10761;10707;10355;11937;10903;11377;10637;11551;11544;10670;9773;10308
179;9975;11063;10783;10640;10307;11385;11082;10320;11650;9575;11077;10379;10667;10518;10977;11260;11809;10607;10761;10707;10355;11937;10903;11377;10637;11426;11544;10670;9773;10308
180;9975;11063;10783;10640;10307;11385;11082;10320;11650;9575;11077;10305;10667;10383;10927;11247;11809;10607;10641;10707;10355;11937;10903;11377;10637;11426;11544;10670;9743;10308
181;9975;10933;10783;10640;10307;11385;10932;10320;11650;9575;11077;10305;10667;10383;10927;11245;11809;10607;10451;10707;10355;11937;10903;11242;10502;11426;11544;10670;9743;10308
182;9975;10933;10783;10640;10307;11385;10932;10170;11505;9575;10942;10305;10667;10383;10927;11245;11809;10607;10448;10707;10355;11937;10753;11242;10502;11426;11544;10670;9743;10166
183;9975;10933;10783;10535;10307;11385;10932;10170;11401;9575;10942;10305;10667;10273;10927;10947;11809;10607;10438;10707;10355;11937;10753;11242;10502;11426;11544;10670;9743;10166
184;9975;10933;10783;10535;10307;11273;10932;10170;11401;9575;10942;10305;10667;10273;10808;10947;11809;10607;10438;10707;10355;11787;10753;11242;10472;11426;11544;10670;9743;10166
185;9975;10933;10783;10535;10307;11245;10932;10170;11401;9575;10942;10305;10667;10123;10808;10947;11809;10607;10438;10557;10355;11772;10753;11217;10472;11426;11544;10520;9743;10166
186;9975;10933;10783;10360;10307;11245;10782;10170;11205;9575;10942;10305;10667;10123;10808;10947;11809;10607;10438;10557;10355;11772;10633;11217;10472;11426;11544;10520;9743;10016
187;9975;10933;10783;10360;10307;11245;10782;10170;11205;9575;10822;10305;10667;10083;10777;10947;11809;10607;10438;10557;10225;11772;10633;11217;10472;11426;11544;10520;9743;10016
188;9975;10933;10763;10360;10307;11245;10782;10170;11205;9575;10782;10305;10612;10083;10777;10947;11534;10607;10438;10477;10225;11772;10633;11217;10472;11426;11544;10520;9743;10016
189;9975;10933;10763;10340;10307;11245;10782;10170;11205;9575;10782;10272;10612;9973;10772;10817;11534;10607;10438;10192;10225;11772;10633;11217;10472;11426;11544;10520;9743;9866
190;9975;10933;10763;10340;10307;10930;10782;10170;11205;9575;10782;10272;10612;9973;10607;10817;11534;10602;10438;10192;10225;11622;10633;11217;10472;11426;11544;10520;9743;9856
191;9975;10933;10763;10340;10307;10930;10632;10170;11205;9430;10682;10272;10612;9943;10607;10817;11519;10602;10438;10192;10205;11622;10633;11217;10472;11426;11544;10520;9593;9856
192;9975;10933;10763;10340;10307;10930;10632;10170;11205;9430;10682;10250;10612;9943;10337;10817;11494;10602;10438;10192;10205;11622;10633;11067;10472;11426;11544;10520;9593;9731
193;9975;10933;10638;10340;10307;10930;10522;10170;11205;9430;10682;10173;10612;9943;10182;10817;11414;10602;10438;10192;10205;11622;10633;11067;10472;11426;11544;10520;9593;9731
194;9975;10933;10638;10340;10307;10930;10482;9915;11205;9430;10682;10173;10612;9943;10182;10817;11219;10602;10438;10192;10205;11622;10633;11067;10317;11426;11544;10520;9593;9731
195;9975;10933;10638;10340;10307;10930;10482;9915;11205;9425;10682;10173;10532;9943;10167;10817;11219;10602;10438;10042;10205;11622;10633;11060;10157;11426;11544;10520;9593;9731
196;9975;10933;10638;10340;10307;10930;10482;9915;11205;9410;10682;10173;10532;9928;10167;10817;11219;10602;10438;10042;10205;11622;10633;11060;10157;11426;11544;10520;9593;9731
197;9975;10793;10638;10340;10307;10780;10482;9915;11205;9410;10682;10173;10532;9928;10167;10817;11219;10602;10438;10042;10205;11622;10633;11060;10157;11426;11544;10520;9451;9731
198;9975;10793;10638;10340;10307;10780;10482;9870;11205;9410;10682;10168;10532;9928;10167;10817;11219;10602;10438;10042;10205;11612;10633;11060;10157;11426;11544;10520;9451;9731
199;9975;10633;10638;10275;10307;10780;10482;9870;11190;9410;10682;10155;10532;9918;10167;10817;11194;10602;10438;10042;10205;11612;10633;11060;10157;11136;11544;10520;9451;9731
200;9975;10633;10638;10230;10142;10780;10482;9870;11190;9405;10682;10155;10532;9918;10167;10817;11194;10602;10438;9912;10205;11612;10633;11060;10007;11136;11544;10520;9451;9731
201;9975;10633;10638;10230;10142;10780;10482;9870;11190;9405;10682;10155;10532;9918;10167;10807;11044;10602;10293;9853;10205;11612;10483;11060;10007;11136;11544;10520;9451;9731
202;9975;10633;10638;10100;10142;10780;10482;9870;11190;9405;10682;10155;10532;9918;10167;10807;11044;10602;10293;9853;10205;11612;10183;11060;10007;11136;11374;10520;9451;9731
203;9975;10633;10638;10100;10142;10780;10482;9870;11190;9405;10682;10155;10532;9843;10167;10807;11044;10602;10293;9853;10205;11612;10183;11060;10007;11136;11374;10520;9448;9731
204;9975;10633;10638;10100;10142;10780;10482;9870;11190;9275;10532;10155;10532;9678;10167;10807;10894;10602;10293;9853;10065;11602;10183;11060;10007;11136;11374;10450;9301;9731
205;9780;10633;10493;10100;10142;10780;10482;9765;11190;9275;10532;9988;10532;9678;10167;10807;10894;10602;10288;9853;10065;11602;10183;11060;10007;11136;11374;10450;9301;9731
206;9780;10633;10418;10100;10142;10780;10482;9765;11190;9275;10532;9988;10532;9678;10167;10807;10894;10452;10288;9808;10065;11602;10183;11060;10007;11126;11209;10450;9293;9731
207;9780;10633;10418;10100;10142;10780;10482;9765;11190;9275;10532;9988;10532;9613;10167;10807;10894;10452;10288;9808;10065;11590;10183;11052;10007;11026;11209;10450;9293;9693
208;9780;10633;10418;10100;10142;10780;10482;9765;11190;9275;10517;9988;10532;9613;10167;10807;10894;10452;10288;9808;10065;11590;10183;11052;9857;10988;11059;10450;9293;9693
209;9780;10633;10418;10100;10142;10780;10317;9765;11190;9275;10517;9988;10510;9613;10167;10807;10894;10452;10288;9808;10065;11590;10183;11052;9857;10986;11059;10305;9293;9693
210;9780;10633;10418;10100;10142;10780;10317;9765;11065;9275;10517;9988;10510;9613;10167;10807;10894;10452;10288;9795;10065;11455;10033;11052;9857;10986;11059;10305;9143;9543
211;9780;10633;10418;10055;10142;10780;10167;9765;11065;9275;10517;9988;10510;9613;10167;10807;10894;10452;10288;9795;10065;11455;10033;11052;9857;10986;11059;10305;9143;9543
212;9780;10633;10418;10055;10142;10780;10167;9765;11065;9275;10392;9988;10510;9613;10167;10807;10894;10452;10288;9795;10065;11455;10033;11052;9857;10986;11059;10305;8993;9543
213;9780;10498;10418;10055;10142;10780;10167;9765;10923;9275;10392;9988;10510;9613;10167;10700;10894;10452;10138;9795;10065;11282;10033;11052;9857;10986;11059;10105;8993;9543
214;9780;10498;10418;10047;10142;10780;10167;9725;10915;9275;10392;9988;10380;9613;10167;10700;10869;10452;10138;9673;10065;11282;10033;11052;9857;10986;11054;10105;8993;9543
215;9780;10498;10418;10047;10142;10780;10167;9615;10803;9275;10392;9888;10380;9613;10167;10505;10849;10452;10138;9673;9915;11282;9733;11052;9857;10986;10785;10105;8993;9393
216;9780;10498;10418;10047;10142;10780;10167;9615;10803;9275;10392;9888;10380;9508;10167;10505;10729;10452;10138;9658;9915;11282;9733;11052;9857;10981;10774;10095;8993;9393
217;9780;10498;10418;10047;10142;10780;10167;9615;10803;9275;10392;9888;10362;9508;10167;10505;10729;10452;10138;9527;9905;11282;9733;11052;9857;10836;10774;9945;8993;9393
218;9780;10498;10418;10047;10142;10780;10167;9615;10803;9260;10382;9868;10362;9508;10167;10505;10729;10452;10138;9527;9830;11282;9583;10902;9832;10836;10774;9945;8993;9108
219;9645;10348;10418;10047;10142;10780;10167;9615;10803;9125;10287;9718;10362;9508;10167;10505;10729;10452;10138;9487;9830;11282;9583;10902;9832;10836;10609;9945;8993;9108
220;9645;10243;10418;10047;10047;10780;10167;9615;10803;9110;10277;9718;10362;9508;10167;10505;10729;10452;10138;9347;9830;11282;9583;10902;9832;10836;10609;9945;8993;8976
221;9645;10208;10418;10047;10047;10780;10017;9615;10803;9110;10242;9718;10322;9508;10167;10355;10729;10452;10138;9193;9830;11282;9583;10752;9707;10836;10609;9945;8993;8976
222;9638;10208;10418;10047;10004;10780;10017;9615;10803;9110;10127;9718;10207;9508;10167;10355;10474;10452;10138;9193;9830;11282;9583;10752;9707;10836;10609;9940;8993;8976
223;9638;10198;10418;9897;9992;10780;10017;9615;10803;9110;10102;9718;10207;9478;10167;10355;10474;10452;10138;9193;9830;11282;9583;10752;9707;10836;10609;9940;8993;8976
224;9638;10198;10418;9897;9992;10780;10017;9615;10773;9110;9952;9678;10207;9478;10167;10355;10474;10452;10138;9193;9830;11282;9583;10752;9707;10836;10609;9940;8993;8976
225;9638;10198;10418;9897;9992;10780;10017;9615;10773;9110;9952;9678;10207;9478;10167;10355;10474;10452;10138;9193;9830;11160;9583;10752;9707;10721;10609;9940;8993;8976
226;9635;10198;10418;9897;9992;10780;10017;9615;10773;9110;9952;9678;10207;9233;10167;10355;10474;10452;10138;9193;9830;11150;9583;10752;9707;10701;10609;9940;8993;8826
227;9635;10078;10418;9897;9992;10780;10017;9487;10608;9110;9952;9678;10169;9233;10167;10355;10474;10452;10138;9193;9830;11132;9433;10752;9707;10701;10609;9935;8993;8826
228;9635;10078;10268;9897;9992;10780;10017;9487;10608;9110;9952;9678;10105;9233;10167;10355;10474;10452;10138;9193;9830;11030;9433;10602;9707;10701;10609;9935;8993;8821
229;9503;10068;10268;9897;9992;10780;10017;9487;10608;9110;9952;9678;10100;9233;10072;10355;10474;10452;10138;9193;9830;11030;9433;10602;9557;10571;10609;9925;8993;8821
230;9503;10058;10268;9867;9992;10780;10017;9487;10608;9110;9807;9678;10100;9233;10022;10355;10474;10452;10138;9193;9830;11030;9433;10602;9557;10571;10609;9925;8993;8816
231;9503;10058;10268;9867;9992;10780;10017;9487;10608;9110;9802;9678;10100;9233;10022;10355;10474;10452;10138;9193;9830;11030;9433;10602;9557;10571;10609;9925;8993;8816
232;9503;10058;10268;9612;9992;10780;10017;9347;10608;9110;9802;9678;10100;9233;9867;10340;10474;10452;10138;9193;9830;11030;9433;10602;9557;10571;10609;9920;8993;8816
233;9503;10058;10268;9612;9992;10780;10017;9337;10608;9110;9802;9678;10100;9218;9867;10340;10464;10452;10138;9153;9726;10990;9433;10587;9557;10571;10609;9920;8993;8816
234;9503;10048;10133;9612;9992;10780;10017;9337;10608;9110;9802;9678;10100;9103;9733;10205;10324;10452;10138;9153;9726;10990;9433;10587;9522;10556;10609;9910;8993;8676
235;9503;9883;10133;9612;9992;10780;10017;9337;10494;9110;9657;9678;10100;9083;9733;10205;10324;10302;9988;9153;9726;10990;9433;10587;9522;10551;10609;9910;8993;8676
236;9503;9883;10133;9567;9842;10780;10017;9337;10494;8960;9657;9678;10100;9083;9733;10205;10324;10302;9988;9153;9726;10990;9433;10587;9522;10551;10609;9910;8993;8676
237;9503;9883;10133;9567;9842;10780;10017;9172;10439;8960;9657;9678;10050;9083;9733;10205;10324;10302;9988;9043;9726;10990;9433;10587;9522;10551;10444;9910;8993;8676
238;9218;9883;10133;9567;9842;10780;10017;9172;10439;8960;9657;9660;10050;9083;9717;10205;10289;10302;9988;9043;9576;10990;9433;10587;9442;10551;10444;9910;8993;8676
239;9218;9883;10133;9552;9842;10780;10017;9172;10439;8960;9657;9660;9895;9083;9717;10205;10289;10302;9988;9043;9576;10990;9433;10587;9387;10536;10444;9910;8993;8676
240;9218;9883;10133;9552;9842;10780;10017;9172;10439;8960;9657;9660;9890;9083;9717;10205;10289;10302;9988;9043;9576;10990;9283;10587;9387;10536;10444;9690;8993;8676
241;9088;9883;10133;9552;9842;10780;10017;9172;10439;8960;9657;9660;9890;9083;9717;10055;10269;10302;9988;9043;9576;10848;9283;10587;9337;10386;10444;9690;8993;8676
242;9088;9799;10133;9547;9842;10780;10017;9172;10049;8960;9657;9660;9890;9068;9717;10055;10164;10302;9988;9043;9576;10803;9283;10587;9337;10386;10444;9690;8993;8676
243;9088;9799;10118;9547;9842;10650;10017;9152;10049;8960;9657;9655;9755;9068;9717;10055;10018;10302;9988;9043;9576;10803;9283;10587;9337;10386;10444;9690;8993;8676
244;9083;9773;10118;9547;9692;10650;10017;9152;10049;8960;9657;9655;9755;9068;9567;10055;10018;10302;9988;9043;9576;10803;9283;10587;9292;10386;10444;9690;8993;8676
245;9083;9773;10118;9402;9692;10650;10017;9152;10049;8960;9657;9655;9755;9068;9567;10055;10018;10302;9988;9033;9576;10803;9283;10587;9292;10386;10444;9685;8993;8676
246;9083;9773;9983;9402;9692;10650;10017;9152;10049;8960;9577;9655;9755;9068;9567;10055;9714;10302;9988;9033;9576;10795;9138;10587;9157;10386;10444;9685;8993;8676
247;9083;9773;9983;9402;9692;10650;10017;9152;10049;8810;9577;9655;9755;9043;9567;10055;9714;10302;9988;9033;9576;10795;9138;10587;9137;10386;10444;9685;8993;8676
248;9083;9773;9983;9402;9692;10650;10017;9152;10049;8810;9577;9655;9755;9023;9417;10055;9689;10302;9988;9033;9576;10795;9138;10450;9137;10386;10444;9685;8993;8676
249;9083;9753;9983;9402;9692;10520;10017;9152;10004;8810;9577;9635;9755;9023;9417;10040;9689;10302;9988;9023;9576;10795;9138;10450;9137;10386;10444;9685;8993;8676
250;9083;9753;9983;9402;9692;10520;10017;9152;10004;8810;9532;9635;9755;9023;9417;10040;9564;10243;9988;9023;9576;10795;9123;10450;9137;10386;10444;9685;8993;8676
251;9083;9753;9983;9402;9692;10520;10017;9152;10004;8810;9382;9635;9755;9023;9417;10040;9564;10243;9988;9023;9576;10795;9123;10450;9023;10086;10444;9685;8843;8676
252;9083;9753;9983;9402;9566;10520;10017;9152;10004;8810;9382;9580;9755;9023;9267;10040;9564;10243;9988;9023;9576;10795;9123;10450;9023;10086;10444;9685;8843;8676
253;9083;9623;9983;9402;9562;10520;10017;9152;10004;8810;9382;9580;9755;9023;9267;10040;9539;10243;9988;9023;9576;10510;8973;10445;9023;10086;10444;9685;8843;8676
254;9083;9623;9983;9402;9562;10520;10017;9152;10004;8810;9382;9580;9705;9023;9267;9870;9539;10243;9988;9023;9576;10388;8973;10440;9023;10086;10444;9685;8843;8676
255;9083;9623;9983;9402;9562;10520;10017;9152;10004;8810;9362;9580;9705;9023;9267;9870;9414;10243;9988;9023;9576;10388;8973;10440;8987;10086;10444;9685;8843;8676
256;9083;9623;9851;9402;9562;10520;9882;9152;9889;8810;9362;9580;9705;9013;9267;9870;9414;10243;9988;9023;9446;10388;8973;10440;8987;10086;10444;9685;8843;8676
257;9083;9623;9851;9402;9562;10370;9882;9152;9889;8810;9362;9580;9705;8938;9267;9870;9414;10243;9988;9023;9446;10238;8973;10315;8987;10086;10444;9685;8843;8676
258;9083;9623;9851;9402;9542;10370;9882;9152;9889;8810;9362;9540;9690;8873;9267;9870;9414;10093;9988;8873;9391;10238;8973;10315;8987;10086;10444;9670;8783;8676
259;9083;9623;9851;9402;9542;10370;9882;9152;9889;8810;9362;9540;9690;8873;9117;9870;9414;10093;9988;8873;9391;10238;8973;10315;8987;10086;10444;9670;8783;8676
260;9083;9603;9851;9402;9542;10370;9882;9152;9889;8810;9362;9510;9690;8873;9117;9735;9279;10093;9988;8873;9391;10238;8973;10315;8987;10086;10444;9670;8783;8526
261;9083;9603;9851;9402;9542;10370;9882;8987;9889;8810;9362;9510;9555;8873;9117;9735;9279;10093;9838;8873;9391;10238;8823;10315;8987;10086;10279;9670;8783;8526
262;9021;9478;9851;9402;9417;10370;9882;8987;9889;8810;9362;9510;9555;8873;9117;9735;9279;10093;9838;8868;9391;10238;8823;10315;8987;10086;10279;9670;8783;8526
263;9021;9478;9851;9402;9417;10370;9827;8987;9889;8810;9362;9510;9555;8873;9117;9735;9154;10093;9838;8781;9391;10238;8823;10315;8987;10086;10279;9670;8783;8526
264;9021;9453;9851;9402;9417;10370;9827;8967;9889;8810;9362;9390;9555;8873;9012;9735;9154;10093;9838;8781;9391;10238;8823;10315;8987;10086;10279;9670;8783;8526
265;9021;9453;9851;9402;9417;10370;9827;8817;9889;8810;9362;9390;9555;8873;9012;9735;9154;10093;9838;8781;9391;10238;8823;10315;8987;10086;10279;9535;8783;8381
266;9021;9453;9851;9402;9417;10370;9732;8817;9889;8810;9362;9390;9555;8873;9012;9735;9154;10093;9838;8781;9391;10238;8823;10313;8987;10086;10279;9535;8773;8381
267;9021;9453;9851;9402;9417;10370;9732;8817;9874;8660;9362;9390;9555;8873;8967;9735;9154;10093;9838;8781;9391;10238;8823;10313;8987;10086;10279;9535;8773;8381
268;9021;9303;9851;9402;9417;10370;9732;8817;9874;8660;9362;9390;9555;8873;8967;9735;9154;10093;9838;8781;9391;10238;8823;10313;8987;9944;10279;9535;8773;8251
269;8938;9303;9701;9402;9417;10370;9732;8817;9874;8660;9212;9390;9555;8873;8967;9589;9154;10093;9838;8781;9391;10238;8823;10313;8987;9944;10279;9535;8773;8251
270;8933;9303;9701;9402;9417;10370;9732;8817;9874;8660;9212;9375;9555;8873;8967;9589;8984;10093;9838;8734;9366;10238;8823;10313;8987;9944;10279;9535;8773;8251
271;8933;9303;9701;9387;9417;10370;9732;8817;9874;8660;9212;9375;9555;8873;8967;9585;8984;10093;9688;8616;9241;10238;8823;10313;8987;9944;10279;9535;8773;8251
272;8933;9303;9701;9387;9417;10195;9597;8702;9874;8660;9212;9225;9555;8873;8967;9585;8984;10093;9688;8584;9241;10238;8823;10313;8987;9936;10279;9520;8773;8251
273;8933;9303;9701;9387;9402;10195;9432;8702;9874;8660;9212;9225;9555;8873;8967;9515;8984;10093;9688;8584;9241;10238;8823;10313;8987;9936;10279;9520;8773;8251
274;8933;9303;9701;9387;9402;10195;9432;8702;9874;8660;9212;9225;9410;8873;8967;9515;8984;10093;9688;8398;9241;10238;8823;10313;8987;9936;10279;9520;8773;8251
275;8933;9303;9701;9387;9402;10195;9432;8702;9874;8660;9212;9225;9410;8873;8967;9515;8984;10093;9688;8398;9241;10238;8823;10295;8987;9936;10149;9520;8773;8251
276;8933;9303;9698;9387;9402;10195;9432;8702;9874;8660;9212;9225;9410;8873;8967;9515;8984;10093;9688;8398;9241;10238;8798;10295;8987;9876;10149;9520;8773;8251
277;8933;9303;9698;9387;9402;10195;9432;8702;9874;8660;9212;9225;9405;8873;8967;9515;8984;10093;9688;8398;9241;10238;8673;10295;8987;9856;10149;9520;8773;8251
278;8933;9303;9698;9387;9402;10195;9432;8702;9874;8660;9212;9225;9405;8873;8967;9435;8984;10093;9688;8398;9241;10238;8673;10295;8987;9856;10134;9520;8773;8251
279;8933;9303;9698;9387;9402;10195;9432;8702;9874;8645;9212;9225;9405;8873;8927;9435;8984;10093;9688;8398;9241;10238;8673;10295;8987;9856;10134;9520;8773;8251
280;8918;9303;9698;9387;9402;10195;9432;8702;9874;8645;9212;9225;9405;8873;8927;9435;8984;10093;9688;8398;9101;10238;8673;10295;8987;9856;10134;9520;8773;8251
281;8918;9303;9548;9387;9402;10195;9432;8702;9874;8645;9212;9170;9400;8873;8927;9435;8984;10093;9688;8279;9101;10238;8673;10295;8987;9794;10134;9520;8773;8251
282;8918;9288;9546;9387;9402;10195;9432;8702;9874;8645;9212;9170;9400;8873;8927;9435;8844;10093;9688;8279;9101;10238;8673;10295;8987;9794;10134;9520;8773;8246
283;8918;9288;9546;9387;9402;10195;9432;8702;9874;8590;9212;9170;9400;8873;8927;9120;8811;10093;9538;8279;9051;10238;8673;10295;8987;9794;10119;9520;8773;8231
284;8918;9288;9546;9277;9402;10195;9432;8702;9874;8510;9212;9170;9400;8873;8882;9120;8811;10093;9538;8279;9051;10223;8673;10295;8987;9786;10119;9520;8773;8231
285;8918;9288;9546;9257;9402;9770;9432;8702;9874;8510;9212;9020;9400;8873;8882;9120;8811;10093;9538;8279;9051;10223;8673;10295;8987;9786;10119;9520;8773;8231
286;8918;9288;9426;9257;9402;9770;9432;8702;9874;8510;9212;9020;9400;8873;8802;9120;8656;10093;9538;8279;9051;10223;8673;10295;8987;9786;9979;9370;8773;8231
287;8918;9288;9426;9252;9402;9750;9432;8702;9874;8510;9212;9020;9400;8873;8802;9120;8656;10093;9403;8279;9051;10223;8673;10145;8987;9786;9821;9370;8773;8231
288;8918;9288;9426;9252;9402;9750;9432;8702;9874;8510;9212;9020;9400;8873;8802;9120;8656;10093;9403;8263;9051;10223;8523;10145;8987;9786;9821;9370;8765;8231
289;8918;9288;9426;9252;9402;9750;9432;8692;9874;8510;9212;9020;9400;8873;8802;9120;8656;10093;9403;8263;9051;10223;8523;10145;8987;9786;9821;9370;8765;8231
290;8918;9288;9426;9252;9402;9750;9432;8692;9874;8510;9212;9020;9400;8873;8802;9120;8656;10093;9403;8263;9051;10223;8523;10145;8987;9779;9821;9370;8765;8231
291;8918;9288;9416;9252;9402;9750;9432;8692;9874;8510;9212;9020;9390;8873;8802;9120;8656;10093;9403;8263;9046;10223;8523;10145;8870;9779;9821;9260;8765;8231
292;8918;9288;9416;9252;9402;9745;9432;8692;9724;8430;9212;8870;9390;8873;8802;9110;8656;10093;9403;8263;9046;10223;8523;10145;8870;9779;9821;9260;8765;8231
293;8918;9288;9416;9252;9402;9745;9432;8692;9724;8430;9212;8870;9390;8873;8802;9110;8656;10093;9403;8263;9046;10223;8523;10145;8870;9779;9821;8945;8765;8231
294;8918;9288;9416;9252;9272;9605;9432;8692;9724;8430;9212;8870;9370;8728;8802;9110;8656;10093;9403;8263;9046;10223;8393;10145;8870;9779;9821;8945;8765;8231
295;8918;9288;9416;9252;9272;9605;9432;8692;9724;8430;9212;8860;9370;8728;8802;9110;8656;10093;9403;8263;9046;10223;8393;10145;8792;9779;9821;8945;8765;8231
296;8918;9288;9416;9087;9272;9605;9432;8692;9724;8430;9212;8860;9370;8723;8802;9110;8656;10093;9403;8263;9046;10223;8393;10145;8792;9779;9821;8945;8765;8231
297;8918;9288;9416;9087;9272;9605;9432;8692;9724;8430;9212;8860;9370;8723;8802;9110;8656;10023;9403;8263;9046;10223;8363;10145;8792;9629;9821;8942;8765;8231
298;8918;9273;9416;9087;9272;9605;9432;8647;9724;8430;9212;8830;9370;8723;8802;9110;8656;10023;9403;8263;9046;10223;8363;10145;8792;9629;9821;8925;8765;8231
299;8843;9273;9416;9087;9272;9605;9432;8647;9724;8430;9212;8830;9370;8687;8802;9110;8656;9943;9403;8113;9046;10081;8353;10140;8792;9629;9821;8925;8765;8231
300;8843;9273;9416;9087;9272;9605;9432;8647;9724;8430;9212;8830;9370;8687;8802;9110;8656;9943;9403;8113;9046;10081;8353;9980;8712;9629;9821;8925;8765;8231
301;8768;9273;9416;9087;9272;9605;9432;8642;9724;8430;9212;8710;9370;8687;8802;8980;8656;9943;9403;8113;9046;10081;8353;9980;8712;9629;9821;8925;8765;8231
302;8768;9273;9416;9087;9272;9605;9432;8642;9724;8430;9212;8710;9370;8687;8802;8980;8656;9943;9403;8113;9046;10081;8353;9980;8712;9629;9221;8925;8765;8231
303;8768;9273;9416;8957;9272;9605;9432;8527;9699;8430;9212;8710;9370;8687;8802;8980;8656;9943;9403;8113;9046;10081;8353;9980;8712;9629;9221;8925;8765;8231
304;8768;9273;9416;8957;9272;9600;9432;8527;9574;8420;9212;8710;9370;8687;8802;8980;8656;9943;9403;8113;9046;10081;8353;9980;8712;9629;9221;8925;8765;8231
305;8768;9273;9416;8957;9272;9595;9432;8527;9574;8420;9212;8710;9370;8547;8802;8980;8656;9943;9403;8113;9046;10081;8353;9980;8712;9489;9221;8925;8765;8231
306;8763;9273;9416;8957;9272;9593;9432;8477;9574;8420;9212;8705;9370;8547;8622;8980;8656;9943;9403;8113;9046;10081;8353;9980;8697;9479;9221;8925;8765;8231
307;8763;9273;9416;8957;9272;9560;9432;8477;9574;8420;9212;8705;9370;8547;8622;8980;8656;9943;9403;8113;9046;10081;8353;9980;8697;9479;9221;8925;8765;8231
308;8763;9123;9416;8957;9252;9560;9432;8477;9574;8420;9212;8675;9370;8547;8622;8980;8656;9933;9403;7963;9046;10081;8353;9980;8697;9329;9221;8925;8765;8231
309;8763;9123;9406;8957;9252;9555;9432;8477;9574;8420;9212;8675;9370;8547;8622;8980;8656;9933;9403;7963;9046;10081;8353;9980;8697;9329;9221;8925;8765;8231
310;8763;9123;9406;8957;9252;9555;9432;8477;9574;8420;9212;8675;9370;8547;8597;8980;8656;9933;9403;7963;9046;10021;8353;9980;8697;9329;9221;8785;8765;8231
311;8748;9123;9406;8957;9252;9555;9432;8342;9457;8420;9212;8675;9230;8547;8597;8830;8656;9793;9403;7963;9046;9951;8353;9980;8697;9329;9221;8785;8765;8231
312;8748;9123;9406;8957;9252;9555;9432;8322;9457;8352;9212;8543;9230;8547;8597;8830;8656;9793;9268;7963;9046;9916;8353;9980;8697;9329;9221;8785;8765;8231
313;8748;9123;9406;8957;9252;9555;9432;8322;9457;8260;9212;8543;9230;8547;8597;8830;8656;9793;9268;7963;9046;9916;8353;9980;8697;9329;9221;8785;8765;8081
314;8748;9123;9406;8840;9252;9555;9432;8322;9457;8260;9212;8543;9220;8547;8597;8830;8656;9793;9268;7963;9046;9916;8353;9980;8697;9329;9221;8775;8765;8071
315;8748;9123;9406;8840;9122;9555;9432;8322;9457;8260;9212;8540;9220;8547;8597;8830;8656;9793;9268;7963;9046;9916;8353;9980;8697;9329;9221;8775;8765;8061
316;8748;8999;9406;8840;9122;9555;9432;8322;9457;8255;9212;8540;9220;8547;8597;8830;8656;9793;9268;7963;9046;9916;8203;9980;8697;9329;9221;8775;8765;8061
317;8748;8999;9406;8805;9102;9555;9432;8322;9437;8255;9212;8540;9220;8547;8597;8830;8656;9793;9268;7963;9046;9781;8203;9980;8697;9329;9221;8775;8765;8031
318;8748;8999;9406;8805;9102;9555;9432;8322;9437;8255;9197;8540;9220;8547;8597;8830;8506;9793;9253;7963;9046;9781;8203;9980;8392;9329;9221;8765;8765;8031
319;8748;8999;9406;8805;9102;9555;9432;8322;9287;8255;9062;8513;9220;8547;8597;8830;8506;9793;9253;7963;9046;9781;8203;9980;8392;9329;9221;8760;8765;8031
320;8748;8999;9406;8805;8942;9555;9432;8322;9287;8105;9062;8513;9220;8547;8597;8830;8506;9753;9253;7934;9046;9781;8203;9980;8392;9329;9221;8625;8765;8031
321;8748;8999;9406;8795;8942;9555;9432;8322;9287;8105;9047;8513;9070;8547;8597;8830;8506;9753;9253;7934;9031;9781;8203;9980;8392;9329;9221;8625;8765;8031
322;8598;8999;9406;8795;8942;9555;9432;8322;9287;8105;9042;8513;9070;8547;8597;8830;8506;9753;9253;7683;9031;9781;8203;9980;8392;9329;9221;8625;8765;8031
323;8598;8999;9406;8795;8942;9555;9282;8322;9287;8105;9042;8513;9070;8547;8488;8830;8506;9753;9253;7683;9031;9781;8203;9980;8392;9329;9221;8615;8765;8031
324;8598;8999;9396;8695;8942;9555;9282;8322;9287;8105;9042;8513;9070;8547;8488;8830;8206;9753;9128;7683;9031;9781;8203;9980;8392;9329;9221;8615;8765;7915
325;8598;8999;9396;8690;8942;9400;9282;8322;9287;8105;9042;8513;9070;8382;8488;8830;8056;9753;9128;7683;9031;9781;8203;9980;8392;9329;9221;8615;8683;7915
326;8598;8999;9396;8680;8942;9400;9282;8322;9182;8105;9042;8513;9070;8382;8482;8830;8056;9753;9128;7683;8866;9781;8203;9980;8392;9329;9221;8615;8683;7915
327;8598;8999;9396;8665;8942;9400;9282;8322;9182;8105;9042;8513;9070;8382;8482;8830;8056;9753;9128;7663;8866;9781;8203;9980;8392;9319;9221;8615;8683;7896
328;8598;8993;9396;8655;8942;9385;9282;8322;9182;8105;8892;8513;9070;8382;8338;8830;8056;9664;9108;7663;8751;9781;8203;9980;8392;9319;9221;8615;8648;7756
329;8598;8993;9256;8655;8942;9235;9282;8322;9182;8105;8892;8513;9070;8382;8338;8830;8056;9664;9108;7663;8751;9611;8203;9980;8392;9319;9221;8615;8553;7756
330;8598;8993;9256;8655;8942;9235;9282;8322;9182;8105;8892;8513;9070;8382;8338;8830;8056;9664;9108;7663;8751;9611;8203;9980;8392;9229;9196;8615;8553;7756
331;8598;8843;9256;8655;8942;9235;9282;8322;9182;8105;8892;8513;9070;8382;8338;8830;8056;9664;9108;7538;8751;9611;8203;9980;8392;9229;9196;8615;8553;7756
332;8598;8831;9246;8655;8942;9235;9282;8322;9182;8105;8892;8513;9070;8382;8338;8830;8056;9664;9103;7518;8751;9611;8203;9980;8392;9229;9196;8615;8553;7674
333;8598;8831;9246;8655;8942;9235;9282;8322;9182;8105;8892;8513;9070;8382;8338;8830;8056;9664;9103;7518;8751;9601;8203;9980;8392;9229;9071;8615;8513;7634
334;8598;8831;9246;8655;8942;9235;9132;8322;9182;8105;8877;8513;9070;8382;8338;8830;7906;9664;9103;7518;8751;9601;8203;9980;8392;9229;9071;8465;8513;7634
335;8598;8831;9246;8655;8942;9235;9132;8307;9182;8105;8877;8513;9070;8382;8338;8830;7906;9664;9103;7518;8751;9601;8203;9980;8392;9229;9071;8465;8513;7616
336;8598;8683;9246;8655;8942;9235;9132;8307;9182;8105;8877;8513;8990;8382;8322;8830;7906;9664;9103;7518;8751;9601;8203;9980;8392;9229;9071;8465;8513;7616
337;8598;8683;9246;8655;8942;9235;9132;8307;9182;7955;8877;8513;8990;8317;8322;8830;7906;9664;9103;7518;8751;9601;8203;9980;8392;9229;9071;8465;8513;7616
338;8598;8683;9246;8655;8942;9235;9132;8282;9182;7955;8877;8513;8990;8317;8322;8830;7906;9664;9103;7518;8681;9586;8203;9980;8392;9179;9071;8465;8513;7616
339;8598;8683;9246;8655;8942;9235;9132;8282;9182;7955;8877;8513;8990;8232;8322;8830;7756;9664;9103;7518;8451;9586;8203;9980;8392;9179;9061;8465;8513;7616
340;8598;8683;9246;8655;8942;9235;9132;8109;9182;7955;8877;8513;8990;8232;8322;8830;7756;9664;9103;7518;8451;9586;8203;9980;8392;9179;9061;8330;8419;7616
341;8598;8538;9246;8655;8942;9235;9132;8109;9179;7955;8712;8513;8990;8082;8322;8813;7756;9664;9103;7518;8451;9586;8203;9830;8392;9179;9061;8330;8419;7616
342;8598;8533;9246;8655;8942;9235;9132;8109;9179;7955;8712;8513;8990;8082;8322;8663;7756;9664;9103;7518;8451;9586;8203;9830;8392;9049;9061;8330;8419;7616
343;8598;8533;9246;8655;8942;9235;9092;8109;9179;7955;8712;8513;8990;8082;8322;8663;7756;9664;8958;7518;8451;9586;8203;9830;8392;9049;9061;8330;8385;7616
344;8598;8533;9246;8530;8942;9235;9092;8109;9142;7955;8712;8513;8975;8082;8322;8663;7756;9664;8958;7518;8451;9586;8203;9830;8392;9049;9061;8330;8383;7616
345;8598;8533;9246;8530;8942;9235;9092;8109;9142;7955;8712;8513;8975;8082;8322;8663;7756;9664;8943;7518;8436;9586;8203;9830;8392;9049;9061;8330;8383;7616
346;8598;8533;9246;8530;8942;9235;9087;8109;9037;7955;8712;8513;8975;8082;8322;8663;7756;9539;8943;7518;8436;9586;8203;9830;8392;9049;9061;8330;8363;7601
347;8598;8533;9090;8530;8942;9235;9087;8109;9023;7955;8712;8483;8975;8082;8322;8663;7756;9539;8943;7518;8436;9586;8203;9830;8392;9049;9061;8330;8340;7601
348;8598;8533;9090;8530;8942;9230;9087;8109;9017;7955;8712;8483;8975;8082;8322;8663;7756;9539;8943;7518;8436;9586;8203;9740;8392;9049;9061;8330;8340;7601
349;8448;8533;9090;8530;8942;9085;9087;8109;9017;7955;8697;8483;8975;8082;8322;8663;7751;9539;8943;7518;8436;9586;8203;9740;8392;9049;9061;8330;8340;7601
350;8448;8513;9090;8530;8942;9085;9087;8109;9017;7955;8697;8483;8975;8082;8322;8663;7751;9539;8943;7518;8436;9586;8203;9740;8392;9049;9061;8330;8340;7601
351;8448;8513;9090;8530;8942;9085;9087;8109;9017;7955;8697;8483;8975;8082;8322;8645;7751;9539;8943;7518;8436;9586;8203;9740;8392;9049;9061;8330;8325;7451
352;8448;8393;8940;8530;8942;9085;9087;8109;9017;7955;8697;8483;8975;8082;8322;8645;7751;9539;8943;7518;8436;9586;8203;9595;8392;9049;9061;8175;8325;7451
353;8448;8393;8940;8380;8942;9085;9087;8109;9017;7955;8697;8483;8975;8082;8322;8645;7751;9539;8943;7518;8436;9586;8203;9590;8392;9049;9061;8175;8325;7451
354;8448;8393;8940;8380;8942;9085;8937;8109;9017;7955;8697;8468;8975;8082;8322;8518;7739;9539;8943;7518;8436;9586;8193;9590;8392;9049;9061;8175;8325;7451
355;8448;8393;8815;8380;8942;9085;8937;8082;9017;7955;8565;8468;8975;8082;8322;8518;7739;9539;8943;7518;8436;9586;8193;9590;8392;9049;9061;8175;8190;7451
356;8448;8393;8815;8380;8942;8935;8937;8067;9017;7955;8565;8468;8975;8082;8322;8518;7739;9539;8943;7518;8436;9586;8043;9590;8392;9049;9061;8175;8190;7441
357;8448;8373;8815;8380;8942;8935;8937;8067;9017;7955;8565;8463;8975;8082;8322;8518;7731;9514;8943;7518;8436;9586;8043;9590;8377;9049;9061;8175;8190;7441
358;8448;8373;8815;8380;8942;8935;8937;8067;9017;7955;8557;8463;8975;8082;8322;8518;7731;9514;8943;7373;8436;9586;8043;9590;8377;9049;9061;8175;8190;7441
359;8303;8373;8815;8380;8942;8935;8937;7959;9017;7955;8547;8463;8975;8082;8322;8518;7731;9514;8943;7373;8436;9586;8043;9590;8377;9049;9061;8175;8190;7441
360;8303;8373;8815;8380;8792;8935;8937;7959;9017;7955;8547;8463;8975;8082;8322;8518;7731;9514;8943;7373;8436;9586;8043;9560;8377;9049;9061;8175;8190;7441
361;8148;8373;8797;8380;8792;8935;8917;7917;9017;7955;8547;8463;8975;8082;8322;8518;7731;9514;8943;7368;8436;9586;8043;9440;8377;9049;9061;8175;8190;7441
362;8148;8373;8795;8380;8792;8935;8917;7887;9017;7955;8547;8348;8975;8082;8322;8518;7731;9514;8943;7368;8436;9436;8043;9440;8377;9049;9061;8175;8190;7441
363;7998;8373;8795;8380;8792;8935;8917;7887;9017;7955;8547;8313;8975;8082;8322;8493;7731;9374;8943;7368;8436;9436;7878;9440;8377;9049;9061;8175;8055;7441
364;7998;8223;8795;8380;8792;8935;8917;7887;9017;7955;8397;8313;8975;8082;8180;8493;7731;9374;8943;7368;8436;9416;7878;9440;8377;9049;9061;8175;8055;7441
365;7998;8223;8795;8380;8792;8935;8917;7887;9017;7955;8397;8313;8975;8082;8180;8368;7731;9249;8943;7368;8436;9416;7878;9430;8377;9049;9061;8175;8055;7441
366;7848;8223;8795;8380;8792;8935;8917;7887;9017;7955;8397;8313;8975;8082;8180;8368;7731;9249;8943;7368;8436;9416;7878;9430;8377;9049;9061;8175;8055;7441
367;7838;8223;8795;8380;8792;8935;8772;7887;9017;7955;8397;8313;8975;8082;8180;8368;7731;9249;8943;7368;8436;9416;7878;9430;8377;9049;9061;8175;8055;7441
368;7838;8223;8795;8380;8792;8935;8772;7887;9017;7955;8397;8168;8975;8082;8180;8368;7731;9114;8943;7368;8436;9416;7878;9430;8377;9049;9061;8175;8055;7441
369;7838;8223;8795;8380;8792;8935;8772;7887;9017;7955;8397;8163;8975;8082;8180;8233;7731;9114;8943;7368;8436;9416;7878;9430;8377;9049;9061;8175;8055;7441
370;7838;8223;8795;8380;8792;8920;8772;7887;9017;7955;8387;8163;8975;8082;8180;8233;7731;9114;8943;7368;8436;9416;7878;9430;8377;9049;9061;8175;8055;7441
371;7838;8223;8795;8380;8792;8920;8772;7887;9017;7955;8387;8163;8975;7917;8180;8233;7731;9114;8943;7368;8436;9416;7878;9430;8377;8797;9061;8175;8055;7441
372;7838;8223;8795;8380;8792;8798;8767;7752;9017;7955;8387;8163;8975;7917;8180;8233;7731;9114;8943;7368;8436;9416;7878;9272;8377;8797;9061;8175;8055;7441
373;7838;8223;8795;8380;8792;8798;8767;7752;9017;7805;8258;7998;8975;7917;8180;8233;7731;9114;8943;7368;8416;9416;7878;9272;8377;8797;9061;8175;8055;7291
374;7838;8223;8795;8380;8792;8798;8767;7722;8882;7805;8242;7998;8975;7917;8180;8233;7731;9114;8943;7368;8416;9416;7878;9272;8237;8749;9061;8175;8055;7291
375;7838;8223;8795;8380;8792;8798;8767;7722;8882;7805;8242;7848;8975;7917;8180;8233;7731;9114;8943;7368;8416;9416;7878;9272;8237;8749;9061;8175;8055;7291
376;7838;8223;8795;8380;8792;8798;8767;7722;8882;7805;8232;7848;8975;7917;8180;8233;7731;9114;8943;7348;8416;9416;7878;9272;8227;8749;9061;8175;8055;7291
377;7838;8223;8795;8380;8792;8798;8767;7722;8882;7805;8232;7848;8975;7917;8050;8208;7731;9114;8793;7348;8416;9416;7878;9272;8227;8749;9061;8175;8055;7291
378;7838;8223;8795;8380;8792;8798;8767;7722;8882;7805;8232;7848;8855;7917;8050;8208;7731;9114;8793;7348;8416;9416;7878;9272;8227;8749;9061;8175;8055;7291
379;7838;8223;8795;8380;8792;8798;8767;7722;8882;7805;8230;7848;8825;7917;8050;8208;7731;9114;8793;7348;8416;9416;7878;9272;8227;8749;9061;8175;8055;7291
380;7733;8223;8795;8380;8792;8798;8767;7572;8882;7663;8222;7848;8825;7917;8030;8208;7731;9114;8793;7348;8416;9266;7878;9272;8227;8749;8939;8175;8055;7291
381;7733;8223;8690;8380;8792;8798;8767;7572;8732;7663;8222;7848;8825;7917;8030;8208;7731;8987;8793;7348;8416;9266;7878;9272;8227;8749;8939;8175;8055;7291
382;7733;8218;8645;8380;8792;8798;8767;7572;8732;7663;8222;7848;8825;7917;8030;8208;7731;8987;8793;7348;8416;9266;7878;9272;8227;8749;8939;8175;7905;7291
383;7733;8218;8645;8380;8792;8798;8767;7572;8732;7663;8222;7848;8825;7917;8030;8208;7731;8987;8793;7348;8416;9136;7878;9272;8227;8749;8939;8175;7905;7291
384;7733;8218;8290;8380;8792;8798;8767;7572;8732;7663;8220;7848;8825;7917;8030;8208;7581;8987;8793;7348;8416;9136;7878;9272;8092;8749;8939;8175;7905;7291
385;7688;8218;8290;8380;8792;8798;8767;7572;8732;7663;8220;7848;8825;7917;8030;8208;7581;8987;8793;7348;8416;9136;7878;9272;8092;8672;8939;8175;7905;7291
386;7688;8208;8290;8380;8792;8798;8767;7572;8722;7663;8220;7848;8825;7917;8030;8208;7581;8987;8793;7348;8416;9136;7878;9272;8092;8672;8939;8175;7905;7291
387;7688;8208;8290;8380;8792;8798;8767;7572;8722;7663;8220;7843;8825;7917;8030;8208;7581;8987;8793;7348;8416;9136;7878;9272;8092;8662;8939;8175;7905;7291
388;7688;8208;8250;8380;8792;8798;8767;7572;8722;7663;8220;7843;8825;7917;8030;8208;7581;8987;8793;7348;8416;9136;7878;9272;8092;8662;8939;8125;7905;7291
389;7688;8208;8250;8380;8792;8798;8767;7572;8670;7663;8220;7843;8825;7917;8030;8208;7581;8979;8793;7348;8416;8972;7878;9272;8092;8662;8939;8125;7905;7291
390;7688;8208;8250;8380;8792;8798;8767;7572;8670;7663;8220;7843;8825;7917;8030;8208;7581;8979;8793;7348;8416;8972;7878;9272;8092;8662;8939;8125;7905;7291
391;7688;8208;8250;8380;8792;8788;8767;7572;8572;7663;8220;7843;8825;7917;8030;8208;7581;8979;8793;7348;8416;8972;7878;9272;8092;8662;8939;8125;7905;7291
392;7688;8208;8250;8380;8792;8788;8767;7572;8572;7663;8220;7843;8825;7917;8030;8208;7581;8979;8793;7348;8416;8966;7878;9272;8092;8662;8939;8125;7905;7291
393;7688;8208;8250;8380;8792;8788;8767;7572;8572;7663;8220;7718;8825;7917;8030;8208;7581;8979;8793;7348;8416;8966;7878;9272;8092;8662;8939;8125;7905;7291
394;7688;8208;8250;8380;8792;8768;8767;7572;8572;7663;8220;7718;8825;7917;7930;8208;7581;8979;8708;7348;8416;8966;7878;9183;8092;8662;8939;8125;7905;7291
395;7688;8208;8110;8380;8792;8768;8767;7572;8572;7663;8220;7718;8825;7917;7880;8208;7581;8979;8708;7348;8416;8958;7858;9183;8092;8662;8939;8125;7905;7291
396;7688;8088;8110;8380;8792;8638;8767;7572;8572;7663;8220;7718;8825;7917;7880;8208;7581;8979;8643;7348;8416;8958;7858;9183;8092;8532;8939;8125;7905;7291
397;7688;8088;8110;8380;8792;8623;8767;7572;8572;7663;8220;7718;8825;7917;7880;8208;7581;8979;8643;7348;8416;8958;7858;9183;8092;8532;8939;8125;7905;7291
398;7688;8073;8110;8380;8792;8623;8767;7572;8572;7663;8220;7718;8825;7917;7880;8208;7566;8979;8643;7348;8416;8958;7858;9183;8092;8487;8939;8125;7905;7291
399;7688;8073;8110;8380;8792;8623;8767;7572;8572;7663;8220;7718;8825;7917;7880;8208;7566;8944;8643;7348;8416;8958;7858;9183;8092;8452;8939;8100;7905;7291
400;7538;8073;8110;8080;8792;8623;8767;7572;8572;7663;8220;7718;8825;7917;7880;8208;7484;8794;8628;7348;8416;8958;7858;9147;8092;8152;8939;8100;7905;7291
401;7538;8073;8110;8080;8685;8477;8767;7572;8572;7663;8098;7718;8825;7917;7880;8208;7484;8794;8628;7348;8416;8958;7858;9147;8092;8152;8939;8100;7905;7291
402;7538;8073;8110;8080;8685;8477;8767;7572;8572;7663;8098;7638;8825;7917;7880;8208;7484;8794;8628;7348;8416;8808;7858;9132;8092;8152;8939;7975;7800;7291
403;7538;8073;8110;8080;8685;8477;8767;7572;8542;7663;8098;7638;8825;7917;7880;8208;7484;8794;8556;7348;8416;8808;7858;9058;7812;8152;8939;7975;7755;7291
404;7538;8073;8110;8080;8685;8477;8767;7572;8542;7663;8070;7638;8825;7767;7880;8208;7401;8794;8523;7348;8416;8808;7853;9058;7812;8141;8939;7975;7515;7291
405;7538;8073;8110;8080;8565;8477;8767;7572;8542;7523;8070;7638;8825;7767;7880;8180;7401;8794;8523;7348;8416;8808;7853;9012;7512;8141;8939;7975;7515;7291
406;7538;8073;8110;8080;8565;8477;8767;7557;8542;7523;8045;7638;8825;7767;7855;8045;7401;8794;8518;7348;8416;8808;7603;9012;7512;8141;8939;7975;7515;7291
407;7538;8073;8110;8050;8565;8467;8767;7557;8542;7523;8045;7638;8825;7767;7855;8045;7401;8794;8518;7348;8416;8808;7603;9012;7512;8141;8939;7975;7515;7291
408;7538;8073;8110;8050;8565;8467;8767;7557;8542;7523;7910;7638;8825;7767;7855;8045;7401;8794;8518;7348;8416;8808;7603;8782;7512;7886;8939;7965;7515;7291
409;7538;8073;8110;8050;8565;8452;8462;7557;8402;7513;7910;7638;8825;7767;7855;8045;7256;8794;8518;7348;8416;8808;7603;8482;7492;7601;8939;7965;7515;7291
410;7538;8073;8110;8050;8565;8452;8462;7392;8402;7513;7910;7638;8805;7767;7855;8045;7256;8794;8518;7348;8101;8808;7603;8482;7492;7601;8929;7965;7470;7291
411;7538;8073;8110;8050;8565;8452;8462;7392;8402;7513;7910;7638;8805;7767;7715;8045;7256;8794;8518;7348;8101;8808;7603;8482;7492;7601;8929;7965;7470;7291
412;7238;7773;8110;8050;8565;8452;8462;7392;8402;7513;7910;7638;8805;7767;7715;8045;7256;8794;8518;7348;8101;8808;7603;8482;7492;7601;8929;7965;7470;7291
413;7238;7773;8110;8006;8565;8452;8462;7392;8402;7363;7910;7638;8805;7647;7715;8045;7256;8794;8518;7328;8101;8808;7603;8482;7492;7451;8929;7965;7170;7291
414;7238;7623;8110;8006;8270;8450;8462;7392;8252;7363;7910;7488;8805;7647;7705;8045;7256;8794;8518;7328;8101;8808;7603;8482;7492;7451;8929;7965;7170;7291
415;7238;7623;8110;8006;8270;8450;8462;7392;8252;7363;7910;7488;8805;7647;7705;8045;7176;8794;8518;7328;8101;8808;7603;8482;7492;7451;8929;7965;7170;7291
416;7238;7623;8110;8006;8270;8237;8212;7392;8252;7363;7910;7488;8805;7647;7705;8045;7176;8794;8518;7328;8101;8808;7603;8482;7492;7451;8929;7965;7170;7141
417;7238;7623;8110;7950;8270;8237;8212;7392;8252;7363;7910;7346;8805;7647;7705;7745;7176;8794;8518;7303;8101;8808;7453;8482;7492;7451;8929;7965;7170;7141
418;7238;7623;8110;7950;8270;8237;8212;7392;8252;7363;7910;7346;8805;7647;7705;7745;7176;8779;8518;7303;8101;8808;7453;8177;7492;7451;8929;7965;7170;7141
419;7238;7623;8110;7935;8270;8237;8212;7392;8252;7363;7910;7346;8805;7647;7705;7745;7176;8779;8518;7303;8101;8808;7453;8177;7492;7451;8929;7965;7170;7141
420;7238;7618;8110;7935;8270;8237;8212;7392;8252;7363;7910;7346;8505;7647;7570;7745;6776;8779;8518;7303;8101;8808;7453;8177;7492;7451;8794;7965;7170;7141
421;7238;7618;8110;7935;8270;8237;8212;7392;8252;7363;7910;7346;8505;7647;7570;7745;6776;8724;8518;7303;8091;8678;7453;8177;7492;7451;8794;7965;7170;7141
422;7238;7618;8095;7935;8255;8237;8185;7392;8227;7363;7910;7346;8505;7647;7570;7745;6776;8549;8518;7303;8091;8678;7453;8177;7492;7451;8794;7965;7170;7141
423;7238;7618;8095;7770;8230;8109;8185;7392;8122;7363;7910;7346;8505;7647;7570;7745;6476;8399;8518;7303;7796;8678;7453;8177;7222;7451;8794;7965;7170;7141
424;7238;7618;8095;7770;8105;8109;8185;7392;8122;7068;7910;7346;8505;7647;7570;7745;6476;8399;8518;7303;7796;8678;7453;8177;7222;7451;8794;7965;7170;7141
425;7238;7618;7986;7770;8105;8109;8105;7392;8122;7068;7910;7346;8505;7647;7570;7745;6476;8399;8518;7303;7796;8678;7453;8177;7207;7451;8794;7965;7090;7141
426;7238;7618;7986;7770;7960;7957;8105;7347;8122;7068;7910;7336;8505;7647;7570;7600;6476;8399;8518;7303;7781;8678;7453;8177;7207;7451;8794;7840;7090;7141
427;7238;7618;7686;7770;7960;7957;8105;7347;8107;7068;7910;7336;8505;7647;7570;7600;6466;8399;8518;7303;7781;8668;7453;8177;7207;7451;8794;7840;7090;7141
428;7238;7618;7686;7770;7960;7957;8105;7347;7902;7068;7900;7336;8475;7647;7570;7600;6466;8399;8518;7303;7781;8668;7453;8027;7202;7451;8794;7785;7090;7141
429;7238;7506;7510;7770;7960;7957;8105;7347;7902;7068;7900;7336;8475;7647;7570;7595;6466;8399;8518;7303;7631;8668;7453;8027;7202;7451;8624;7785;7075;7141
430;7238;7506;7510;7770;7960;7957;8077;7347;7902;7068;7900;7336;8343;7647;7570;7595;6466;8399;8518;7303;7631;8348;7453;8027;7202;7451;8624;7785;7075;7141
431;7223;7501;7510;7770;7960;7957;8077;7347;7902;7068;7900;7336;8343;7647;7570;7595;6466;8399;8518;7303;7481;8348;7453;8027;7202;7451;8614;7785;7075;7141
432;7223;7501;7510;7770;7960;7957;8077;7302;7902;7068;7750;7336;8343;7637;7570;7595;6466;8399;8218;7303;7481;8348;7453;8027;7202;7451;8614;7785;7075;7141
433;7223;7501;7510;7770;7960;7957;8077;7302;7902;7068;7750;7336;8343;7637;7570;7595;6451;8399;8218;7303;7481;8348;7453;8027;7202;7451;8614;7785;7075;7141
434;7223;7501;7510;7770;7960;7947;8077;7302;7902;7068;7742;7336;8343;7637;7570;7595;6451;8399;8218;7303;7456;8340;7453;8027;6902;7451;8614;7785;7075;7141
435;7223;7501;7510;7645;7960;7945;8077;7302;7902;7068;7742;7291;8343;7637;7570;7595;6451;8399;8218;7303;7456;8340;7453;8027;6902;7451;8614;7785;7075;7116
436;7223;7486;7510;7645;7960;7945;8077;7302;7752;7068;7660;7291;8343;7637;7570;7595;6451;8399;8218;7303;7456;8340;7453;8027;6902;7451;8609;7785;7075;7116
437;7223;7486;7510;7645;7960;7900;8077;7302;7652;7068;7660;7291;8343;7637;7570;7445;6451;8399;8218;7303;7456;8340;7453;8027;6902;7451;8459;7785;7075;7116
438;7088;7486;7510;7645;7960;7900;8077;7182;7517;7068;7510;7291;8343;7637;7570;7445;6451;8399;8218;7303;7456;8340;7453;8027;6902;7451;8459;7785;7075;7116
439;7088;7486;7510;7645;7960;7900;7912;7182;7517;7068;7510;7291;8343;7637;7570;7445;6451;8399;7933;7153;7456;8340;7453;8027;6887;7451;8459;7760;7075;7116
440;7088;7486;7510;7645;7848;7900;7912;7182;7517;7068;7510;7291;8043;7637;7570;7445;6451;8399;7663;7153;7456;8340;7453;8027;6887;6831;8459;7760;7075;7116
441;7063;7486;7510;7645;7848;7900;7912;7172;7517;6918;7510;7291;8043;7637;7570;7445;6451;8399;7663;7153;7456;8340;7453;8027;6887;6831;8459;7760;7075;7116
442;7063;7486;7510;7645;7848;7900;7912;7172;7517;6918;7510;7283;8043;7637;7570;7445;6451;8399;7663;7153;7456;8340;7453;8007;6887;6831;8459;7635;6925;7116
443;7063;7486;7510;7645;7848;7900;7912;7017;7517;6918;7510;7283;8043;7637;7545;7445;6451;8399;7663;7153;7456;8340;7453;8007;6887;6831;8459;7635;6925;7116
444;7063;7486;7510;7645;7848;7665;7912;7017;7517;6918;7510;7283;8043;7637;7425;7295;6451;8399;7663;7153;7456;8315;7453;8007;6887;6831;8459;7635;6925;7116
445;7063;7441;7510;7645;7848;7665;7912;7017;7517;6918;7510;7283;8043;7637;7425;7295;6451;8399;7663;7153;7456;8315;7453;8007;6887;6831;8459;7635;6925;7116
446;7063;7441;7505;7630;7838;7645;7912;7007;7517;6918;7510;7283;7743;7637;7425;7295;6451;8399;7663;7153;7446;8315;7453;7992;6887;6831;8459;7635;6925;7036
447;7063;7441;7505;7630;7838;7645;7912;7007;7217;6918;7510;7283;7743;7637;7425;7295;6151;8399;7663;7153;7446;8315;7453;7992;6587;6830;8459;7631;6925;7036
448;7063;7441;7505;7490;7838;7645;7912;7007;7217;6918;7510;7283;7743;7637;7425;7295;6151;8399;7663;7153;7446;8315;7453;7992;6587;6280;8459;7631;6925;7036
449;7063;7441;7355;7490;7838;7645;7912;7007;7217;6903;7510;7133;7743;7637;7405;7295;6151;8399;7663;7153;7446;8315;7453;7992;6587;6280;8459;7346;6925;7036
450;7063;7441;7355;7490;7838;7640;7912;7007;7067;6903;7510;7133;7743;7617;7405;7295;6151;8399;7513;7153;7446;8315;7453;7992;6587;6280;8459;7346;6925;7036
451;7063;7439;7355;7490;7838;7340;7912;7007;7067;6903;7510;7133;7743;7617;7405;7170;6136;8399;7513;7153;7446;8202;7453;7992;6587;6280;8459;7346;6925;6871
452;7063;7439;7355;7490;7838;7340;7912;7007;7067;6903;7510;7133;7593;7617;7270;7170;6136;8399;7513;7003;7446;8202;7453;7992;6587;6280;8334;7346;6925;6871
453;7063;7439;7355;7490;7679;7340;7912;7007;7067;6903;7510;7133;7593;7617;7120;7170;6136;8399;7513;7003;7341;8052;7453;7992;6587;6280;8324;7346;6925;6871
454;7063;7439;7355;7340;7679;7340;7912;7007;7067;6903;7510;7133;7593;7617;7120;7170;6136;8399;7513;7003;7341;8052;7453;7992;6587;6280;8324;7346;6925;6871
455;7063;7439;7355;7340;7679;7340;7807;7007;7067;6903;7510;7133;7593;7617;7120;7170;6136;8399;7513;7003;7341;8040;7453;7992;6587;6280;8324;7346;6925;6871
456;7063;7439;7355;7325;7679;7085;7807;7007;7067;6903;7510;7133;7593;7617;7120;7170;6136;8399;7513;7003;7341;8040;7453;7992;6587;6265;8174;7346;6925;6871
457;7063;7439;7355;7325;7679;7085;7601;7007;7067;6903;7510;7133;7593;7617;7120;7170;6136;8389;7513;7003;7206;8040;7453;7992;6422;6265;8174;7346;6925;6871
458;7063;7439;7355;7180;7679;7085;7601;7007;7067;6903;7510;7133;7583;7617;7120;7170;5986;8389;7513;7003;7206;8040;7313;7887;6422;6265;8174;7346;6925;6871
459;7063;7439;7345;7155;7664;7085;7601;7007;7067;6903;7500;7133;7583;7472;7120;7170;5986;8279;7498;7003;7206;8040;7313;7887;6422;6265;8174;7346;6902;6871
460;7063;7439;7340;7005;7664;7085;7601;6887;7067;6903;7500;7133;7283;7322;7120;7170;5986;8279;7498;7003;7206;8040;7313;7657;6422;6265;8174;7346;6902;6856
461;7048;7432;7340;7005;7664;7085;7601;6887;7067;6603;7500;7133;7283;7322;7100;7170;5836;8139;7498;7003;7206;8040;7313;7657;6422;6265;8174;7216;6902;6856
462;7048;7424;7340;7005;7664;7085;7601;6737;7067;6603;7500;7133;7283;7322;7100;7110;5836;8139;7498;7003;7206;8040;7313;7657;6422;6265;8174;7216;6902;6856
463;7048;7274;7340;7005;7664;7085;7601;6737;7067;6603;7500;7133;7283;7322;7100;7110;5836;8139;7493;7003;7206;8040;7313;7657;6422;6265;8174;7216;6902;6856
464;7028;7274;7174;7005;7514;7085;7601;6737;7067;6603;7500;7133;7283;7322;7100;6960;5821;8139;7493;7003;7206;8040;7313;7657;6422;6265;8174;7216;6902;6856
465;7028;7274;7174;7005;7514;7085;7601;6737;7067;6603;7480;7133;7283;7322;7100;6960;5821;8139;7493;7003;7206;8040;7313;7657;6422;6265;8159;7216;6895;6856
466;7028;7274;7174;7005;7514;7085;7512;6737;7067;6603;7480;6983;7283;7322;7100;6960;5821;8139;7493;7003;7206;8040;7313;7657;6422;6265;8159;7216;6895;6856
467;6728;7124;7174;7005;7514;7085;7512;6737;7067;6603;7480;6983;7283;7322;7090;6960;5821;8139;7493;7003;7206;8040;7313;7507;6422;6250;8159;7216;6895;6856
468;6728;7124;7174;7005;7514;7070;7512;6737;7052;6603;7480;6983;7283;7322;7090;6960;5821;8139;7493;7003;7206;8040;7313;7507;6422;6250;8144;7216;6895;6856
469;6728;7084;7174;7005;7514;7070;7512;6737;6932;6603;7480;6983;7283;7322;6965;6810;5821;8139;7493;7003;7206;8040;7313;7507;6422;6220;8144;7201;6895;6856
470;6728;7084;7174;7005;7514;7070;7496;6737;6932;6603;7475;6983;7283;7322;6965;6810;5821;8139;7493;7003;7206;8040;7313;7497;6122;6220;8144;7201;6895;6856
471;6728;7084;6859;7005;7514;7037;7166;6737;6932;6603;7175;6983;7283;7322;6965;6810;5821;8139;7493;7003;7206;7940;7313;7497;6122;6220;8144;7201;6895;6856
472;6728;7084;6859;7005;7364;7037;7166;6737;6932;6598;7175;6983;7283;7322;6965;6810;5671;8139;7493;7003;7206;7940;7313;7497;6122;6220;8144;7201;6895;6706
473;6728;7079;6859;7005;7364;7037;7166;6642;6932;6598;7175;6983;7283;7322;6815;6810;5671;8139;7493;7003;7206;7940;7313;7497;6122;6220;8144;7201;6895;6706
474;6728;7079;6859;7005;7364;6722;7166;6642;6932;6598;7175;6983;7283;7322;6815;6810;5661;8139;7468;7003;7206;7940;7313;7497;6122;6220;8144;7201;6895;6706
475;6728;7079;6859;7005;7364;6722;7166;6517;6932;6598;7175;6983;7283;7322;6790;6810;5661;8139;7468;7003;7206;7940;7313;7497;5997;6220;8144;7066;6885;6706
476;6728;7079;6859;7005;7364;6576;7166;6517;6932;6598;7175;6983;7283;7322;6790;6810;5661;8004;7468;7003;7206;7940;7313;7497;5997;6220;8144;7066;6450;6626
477;6728;7079;6859;7005;7364;6576;7166;6517;6932;6598;7175;6983;7283;7322;6790;6810;5661;8004;7468;6938;7206;7940;7313;7497;5997;6220;8144;7066;6450;6626
478;6728;7079;6859;7005;7364;6471;7166;6367;6932;6598;7175;6983;7283;7322;6790;6810;5661;7989;7468;6938;7206;7940;7313;7497;5987;6220;8144;7066;6450;6626
479;6728;6929;6859;7005;7364;6471;7166;6367;6932;6598;7175;6983;7283;7322;6790;6660;5661;7989;7468;6868;7206;7940;7313;7497;5987;6220;8144;7066;6428;6521
480;6728;6929;6859;7005;7364;6471;7166;6367;6932;6598;7025;6983;7283;7322;6790;6660;5661;7989;7343;6868;7206;7940;7313;7497;5987;6220;8144;7066;6428;6521
481;6728;6929;6859;7005;7364;6471;7166;6367;6932;6598;7025;6983;7283;7320;6790;6660;5661;7989;7343;6858;7206;7940;7313;7197;5987;6070;8144;7066;6428;6521
482;6728;6929;6859;7005;7364;6471;7166;6367;6932;6598;7025;6983;7283;7320;6640;6660;5661;7989;7343;6858;7206;7940;7313;7197;5987;6070;8144;7066;6428;6521
483;6728;6929;6859;7005;7364;6471;7166;6367;6932;6598;7025;6983;7283;7320;6640;6660;5661;7689;7343;6858;7206;7240;7313;7197;5987;6070;8144;7066;6428;6511
484;6728;6929;6859;7005;7364;6471;7166;6367;6932;6598;7025;6983;7283;7320;6640;6660;5661;7689;7343;6858;7126;7240;7313;7197;5987;6070;8144;7051;6428;6511
485;6728;6629;6859;7005;7364;6471;7166;6367;6932;6598;7025;6963;7133;7320;6640;6660;5661;7689;7343;6858;7126;7240;7313;7197;5987;5905;8144;7051;6428;6511
486;6728;6629;6859;7005;7364;6471;7026;6367;6912;6598;7025;6963;7133;7320;6640;6660;5661;7689;7343;6858;6826;7240;7313;7197;5987;5755;8144;7051;6428;6511
487;6728;6629;6854;7005;7064;6471;7026;6367;6912;6588;7025;6963;7133;7320;6640;6660;5661;7646;7343;6858;6826;7240;7313;7197;5987;5755;8144;7051;6428;6511
488;6728;6629;6854;6885;7064;6471;7026;6367;6912;6588;7025;6963;7133;7320;6640;6660;5661;7646;7343;6858;6826;7240;7163;7197;5857;5753;8144;7051;6428;6511
489;6728;6629;6764;6885;7064;6471;7026;6367;6912;6453;7025;6963;7133;7309;6640;6660;5661;7646;7343;6858;6826;7090;7163;7197;5857;5753;8144;7032;6428;6511
490;6728;6629;6764;6885;7034;6471;7006;6367;6912;6448;7025;6963;7133;7309;6640;6530;5661;7646;7318;6736;6826;7090;7163;7197;5857;5753;8144;7032;6428;6491
491;6728;6629;6764;6885;7034;6461;7006;6252;6857;6448;7025;6963;7133;7309;6640;6530;5661;7631;7318;6736;6826;7090;7163;7197;5857;5753;8144;7032;6428;6371
492;6728;6629;6764;6885;7034;6461;7006;6252;6857;6303;7025;6963;7133;7309;6640;6510;5661;7631;7318;6601;6826;7090;7163;7197;5857;5753;8144;7032;6428;6371
493;6728;6629;6749;6885;7034;6461;7006;6252;6857;6303;7025;6963;7133;7309;6640;6510;5661;7231;7318;6601;6826;7090;7138;7197;5857;5753;8144;7032;6428;6371
494;6728;6629;6749;6885;7034;6461;7006;6217;6857;6303;7025;6963;7133;7309;6640;6225;5661;7231;7318;6596;6826;7090;7138;7197;5842;5753;8144;7032;6428;6371
495;6728;6629;6749;6885;7034;6181;7006;6217;6787;6148;7025;6963;7133;7309;6355;6225;5661;7231;7318;6596;6826;7090;6838;7172;5842;5753;8144;7032;6428;6371
496;6728;6629;6749;6885;7034;6181;7006;6217;6787;6148;7025;6963;6833;7309;6355;6225;5661;7231;7318;6596;6826;7090;6838;7047;5842;5753;8144;6867;6428;6371
497;6728;6629;6749;6885;7034;6181;7006;6217;6787;6148;7025;6963;6833;7309;6355;6225;5661;7231;7318;6596;6826;7090;6838;7047;5687;5753;8144;6867;6428;6371
498;6728;6629;6749;6885;7034;6181;7006;6217;6787;6148;7025;6963;6833;7309;6355;6225;5661;7231;7318;6596;6826;7090;6838;7047;5687;5753;8144;6867;6428;6371
499;6728;6629;6749;6885;7034;6181;7006;6217;6787;6148;7025;6963;6833;7309;6355;6225;5661;7231;7318;6596;6826;7090;6838;7047;5687;5753;8144;6852;6428;6371
